item_id,push_ack,new_template_marker_found,as_expected
126097498290,Warning,YES,YES
126099617598,Warning,YES,YES
126112000074,Success,YES,YES
126113669997,Warning,YES,YES
126115129678,Warning,YES,YES
126145377750,Success,YES,YES
126165743707,Success,YES,YES
126240080796,Warning,YES,YES
126246015049,Warning,YES,YES
126261745604,Warning,YES,YES
126273747000,Warning,YES,YES
126300556081,Success,YES,YES
126318905098,Warning,YES,YES
126319915613,Warning,YES,YES
126328889625,Warning,YES,YES
126329788905,Warning,YES,YES
126335800057,Success,YES,YES
126366423877,Warning,YES,YES
126369525294,Warning,YES,YES
126370118291,Success,YES,YES
126373906372,Warning,YES,YES
126383530718,Warning,YES,YES
126384427949,Warning,YES,YES
126386406454,Success,YES,YES
126391796563,Failure,YES,YES
126396166504,Warning,YES,YES
126409555016,Warning,YES,YES
126412730192,Warning,YES,YES
126412730309,Warning,YES,YES
126414603429,Warning,YES,YES
126414603992,Warning,YES,YES
126415790575,Warning,YES,YES
126418260377,Warning,YES,YES
126419572927,Success,YES,YES
126421703850,Warning,YES,YES
126428136149,Success,YES,YES
126431926007,Warning,YES,YES
126431926030,Warning,YES,YES
126439889588,Warning,YES,YES
126440196718,Failure,YES,YES
126443316370,Warning,YES,YES
126447017429,Warning,YES,YES
126448866212,Warning,YES,YES
126448866471,Warning,YES,YES
126450542804,Success,YES,YES
126450542814,Success,YES,YES
126453713695,Failure,YES,YES
126453713734,Warning,YES,YES
126454417969,Warning,YES,YES
126459398545,Success,YES,YES
126462946756,Success,YES,YES
126464661439,Warning,YES,YES
126468846680,Warning,YES,YES
126469785044,Success,YES,YES
126469785057,Warning,YES,YES
126470733977,Warning,YES,YES
126470733996,Success,YES,YES
126473385852,Warning,YES,YES
126475110167,Warning,YES,YES
126476748263,Warning,YES,YES
126478317875,Warning,YES,YES
126479943435,Warning,YES,YES
126481444436,Warning,YES,YES
126481444509,Warning,YES,YES
126482220912,Warning,YES,YES
126486323016,Warning,YES,YES
126487251794,Warning,YES,YES
126489346392,Warning,YES,YES
126493144658,Warning,YES,YES
126495205134,Warning,YES,YES
126495661048,Warning,YES,YES
126495661368,Success,YES,YES
126501503524,Warning,YES,YES
126505506359,Warning,YES,YES
126505662839,Warning,YES,YES
126506952902,Warning,YES,YES
126506982497,Warning,YES,YES
126533983592,Warning,YES,YES
126533983595,Warning,YES,YES
126672923175,Success,YES,YES
126716474810,Warning,YES,YES
126716494061,Warning,YES,YES
126827721230,Warning,YES,YES
127082971121,Warning,YES,YES
127088986267,Success,YES,YES
127168314084,Success,YES,YES
127196591598,Success,YES,YES
127226971822,Success,YES,YES
127236581110,Warning,YES,YES
127239775819,Warning,YES,YES
127239950660,Warning,YES,YES
127239967300,Warning,YES,YES
127264606664,Success,YES,YES
127365667688,Warning,YES,YES
127389768398,Warning,YES,YES
127389768400,Warning,YES,YES
127389768402,Warning,YES,YES
127389768403,Warning,YES,YES
127389768404,Warning,YES,YES
127389768405,Warning,YES,YES
127389768406,Warning,YES,YES
127389768407,Warning,YES,YES
127389768408,Warning,YES,YES
127389768410,Warning,YES,YES
127389768411,Success,YES,YES
127389768412,Failure,YES,YES
127389768415,Warning,YES,YES
127389768417,Warning,YES,YES
127389768418,Warning,YES,YES
127389768419,Warning,YES,YES
127389768421,Warning,YES,YES
127389768422,Warning,YES,YES
127389768426,Warning,YES,YES
127389768427,Warning,YES,YES
127389768429,Warning,YES,YES
127389768430,Warning,YES,YES
127389768431,Warning,YES,YES
127389768433,Warning,YES,YES
127389768434,Warning,YES,YES
127389768435,Warning,YES,YES
127389768437,Warning,YES,YES
127389768441,Success,YES,YES
127389768442,Warning,YES,YES
127389768444,Warning,YES,YES
127389768445,Warning,YES,YES
127389838857,Warning,YES,YES
127389838859,Warning,YES,YES
127389838860,Warning,YES,YES
127389838862,Warning,YES,YES
127389838864,Success,YES,YES
127389838865,Warning,YES,YES
127389838866,Warning,YES,YES
127389838868,Warning,YES,YES
127389838869,Warning,YES,YES
127389838870,Warning,YES,YES
127389838871,Warning,YES,YES
127389838872,Warning,YES,YES
127389838873,Warning,YES,YES
127389838877,Warning,YES,YES
127389838878,Success,YES,YES
127389838879,Success,YES,YES
127389838882,Warning,YES,YES
127389838883,Warning,YES,YES
127389838887,Success,YES,YES
127389838890,Warning,YES,YES
127389838894,Success,YES,YES
127389838895,Warning,YES,YES
127389838898,Warning,YES,YES
127389838901,Warning,YES,YES
127389838906,Warning,YES,YES
127389838909,Success,YES,YES
127389838910,Warning,YES,YES
127389838911,Warning,YES,YES
127389838912,Success,YES,YES
127389838913,Warning,YES,YES
127389838914,Warning,YES,YES
127389838916,Warning,YES,YES
127389838917,Warning,YES,YES
127389838920,Warning,YES,YES
127389838923,Warning,YES,YES
127389838925,Warning,YES,YES
127389838926,Warning,YES,YES
127389838928,Warning,YES,YES
127389838930,Success,YES,YES
127389838931,Warning,YES,YES
127389838932,Warning,YES,YES
127389838933,Warning,YES,YES
127389838934,Warning,YES,YES
127389838935,Warning,YES,YES
127389838936,Warning,YES,YES
127389838937,Warning,YES,YES
127389838939,Warning,YES,YES
127389838940,Warning,YES,YES
127389838941,Warning,YES,YES
127389838942,Warning,YES,YES
127389838943,Warning,YES,YES
127389838944,Warning,YES,YES
127389838945,Warning,YES,YES
127389838946,Warning,YES,YES
127389838948,Warning,YES,YES
127389838951,Success,YES,YES
127389838952,Success,YES,YES
127389838954,Warning,YES,YES
127389838955,Success,YES,YES
127389838960,Warning,YES,YES
127389838965,Warning,YES,YES
127389857795,Warning,YES,YES
127389857796,Warning,YES,YES
127389857797,Warning,YES,YES
127389857805,Warning,YES,YES
127389857806,Warning,YES,YES
127389857807,Failure,YES,YES
127389857808,Warning,YES,YES
127389857809,Warning,YES,YES
127389857810,Warning,YES,YES
127389857811,Warning,YES,YES
127389857812,Warning,YES,YES
127389857815,Warning,YES,YES
127389857816,Warning,YES,YES
127389857817,Warning,YES,YES
127389857818,Success,YES,YES
127389857819,Warning,YES,YES
127389857821,Failure,YES,YES
127389857822,Warning,YES,YES
127389857823,Warning,YES,YES
127389857824,Warning,YES,YES
127389857825,Warning,YES,YES
127389857827,Warning,YES,YES
127389857829,Warning,YES,YES
127389857830,Warning,YES,YES
127389857832,Warning,YES,YES
127389857833,Warning,YES,YES
127389857834,Warning,YES,YES
127389857835,Failure,YES,YES
127389857836,Warning,YES,YES
127389857837,Warning,YES,YES
127389857838,Warning,YES,YES
127389857839,Warning,YES,YES
127389857840,Warning,YES,YES
127389857841,Warning,YES,YES
127389857843,Warning,YES,YES
127389857844,Warning,YES,YES
127389857845,Warning,YES,YES
127389857846,Warning,YES,YES
127389857848,Warning,YES,YES
127389857849,Warning,YES,YES
127389857855,Warning,YES,YES
127389857856,Warning,YES,YES
127389857857,Warning,YES,YES
127389857858,Warning,YES,YES
127389857859,Warning,YES,YES
127389857860,Warning,YES,YES
127389857861,Warning,YES,YES
127389857862,Warning,YES,YES
127389857864,Warning,YES,YES
127389857866,Success,YES,YES
127389857867,Warning,YES,YES
127389857868,Success,YES,YES
127389857869,Warning,YES,YES
127389857870,Success,YES,YES
127389857871,Warning,YES,YES
127389857876,Warning,YES,YES
127389857878,Warning,YES,YES
127389857879,Warning,YES,YES
127389857880,Warning,YES,YES
127389857881,Success,YES,YES
127389857882,Warning,YES,YES
127389857883,Warning,YES,YES
127389857884,Warning,YES,YES
127389857886,Success,YES,YES
127389857890,Warning,YES,YES
127389857893,Warning,YES,YES
127389873036,Warning,YES,YES
127389878144,Success,YES,YES
127389878150,Warning,YES,YES
127389878151,Warning,YES,YES
127389878152,Warning,YES,YES
127389878153,Warning,YES,YES
127389878154,Warning,YES,YES
127389878156,Warning,YES,YES
127389878157,Warning,YES,YES
127389878158,Warning,YES,YES
127389878159,Warning,YES,YES
127389878160,Warning,YES,YES
127389878161,Warning,YES,YES
127389878163,Warning,YES,YES
127389878164,Warning,YES,YES
127389878166,Warning,YES,YES
127389878167,Warning,YES,YES
127389878169,Warning,YES,YES
127389878170,Warning,YES,YES
127389878171,Success,YES,YES
127389878173,Warning,YES,YES
127389878175,Success,YES,YES
127389878176,Warning,YES,YES
127389878178,Warning,YES,YES
127389878179,Warning,YES,YES
127389878180,Warning,YES,YES
127389878181,Success,YES,YES
127389878183,Warning,YES,YES
127389878185,Warning,YES,YES
127389878186,Warning,YES,YES
127389878187,Warning,YES,YES
127389878188,Warning,YES,YES
127389878189,Warning,YES,YES
127389878191,Warning,YES,YES
127389878192,Warning,YES,YES
127389878195,Warning,YES,YES
127389878197,Warning,YES,YES
127389878198,Success,YES,YES
127389878199,Success,YES,YES
127389878200,Warning,YES,YES
127389878201,Success,YES,YES
127389878203,Warning,YES,YES
127389878206,Warning,YES,YES
127389878208,Warning,YES,YES
127389878209,Warning,YES,YES
127389878211,Warning,YES,YES
127389878212,Warning,YES,YES
127389878215,Warning,YES,YES
127389878216,Warning,YES,YES
127389878217,Warning,YES,YES
127389878218,Warning,YES,YES
127389878220,Warning,YES,YES
127389878229,Warning,YES,YES
127389878230,Warning,YES,YES
127389878231,Warning,YES,YES
127389878236,Success,YES,YES
127389932527,Warning,YES,YES
127389932528,Success,YES,YES
127389932529,Failure,YES,YES
127389932532,Warning,YES,YES
127389932534,Warning,YES,YES
127389932535,Success,YES,YES
127389932536,Success,YES,YES
127389932537,Warning,YES,YES
127389932538,Warning,YES,YES
127389932539,Warning,YES,YES
127389932540,Warning,YES,YES
127389932541,Success,YES,YES
127389932542,Warning,YES,YES
127389932543,Warning,YES,YES
127389932544,Success,YES,YES
127389932545,Warning,YES,YES
127389932547,Warning,YES,YES
127389932548,Warning,YES,YES
127389932549,Warning,YES,YES
127389932550,Warning,YES,YES
127389932551,Warning,YES,YES
127389932552,Warning,YES,YES
127389932553,Warning,YES,YES
127389932554,Warning,YES,YES
127389932555,Warning,YES,YES
127389932557,Warning,YES,YES
127389932558,Warning,YES,YES
127389932559,Warning,YES,YES
127389932560,Warning,YES,YES
127389932561,Warning,YES,YES
127389932563,Success,YES,YES
127389932565,Warning,YES,YES
127389932566,Warning,YES,YES
127389932567,Warning,YES,YES
127389932568,Warning,YES,YES
127389932569,Warning,YES,YES
127389932570,Warning,YES,YES
127389932571,Warning,YES,YES
127389932572,Warning,YES,YES
127389932573,Warning,YES,YES
127389932574,Warning,YES,YES
127389932575,Warning,YES,YES
127389932576,Warning,YES,YES
127389932577,Warning,YES,YES
127389932578,Warning,YES,YES
127389932579,Success,YES,YES
127389932580,Warning,YES,YES
127389932581,Warning,YES,YES
127389932582,Warning,YES,YES
127389932583,Success,YES,YES
127389932584,Warning,YES,YES
127389932585,Warning,YES,YES
127389932586,Warning,YES,YES
127389932587,Warning,YES,YES
127389932589,Warning,YES,YES
127389932590,Warning,YES,YES
127389946569,Success,YES,YES
127389946571,Warning,YES,YES
127389946574,Success,YES,YES
127389946575,Warning,YES,YES
127389946577,Success,YES,YES
127389946578,Warning,YES,YES
127389946579,Warning,YES,YES
127389946581,Warning,YES,YES
127389946586,Warning,YES,YES
127389969219,Warning,YES,YES
127389969220,Warning,YES,YES
127389969224,Success,YES,YES
127389969226,Warning,YES,YES
127389969229,Warning,YES,YES
127389969233,Warning,YES,YES
127389969234,Warning,YES,YES
127389969236,Warning,YES,YES
127389969237,Warning,YES,YES
127389969238,Warning,YES,YES
127389969239,Warning,YES,YES
127389969242,Warning,YES,YES
127410844912,Success,YES,YES
127416297526,Warning,YES,YES
127417945230,Success,YES,YES
127426374970,Warning,YES,YES
127468679386,Warning,YES,YES
127488196314,Success,YES,YES
127502681657,Warning,YES,YES
127663835500,Warning,YES,YES
127663835501,Warning,YES,YES
127663835511,Warning,YES,YES
127677522292,Warning,YES,YES
127677657099,Warning,YES,YES
127706888901,Success,YES,YES
127737051015,Warning,YES,YES
127752367320,Success,YES,YES
127790044097,Warning,YES,YES
127802870982,Warning,YES,YES
127803050156,Warning,YES,YES
127815670306,Warning,YES,YES
235054823492,Success,YES,YES
235100299670,Warning,YES,YES
235148716431,Success,YES,YES
235151519890,Warning,YES,YES
235188782222,Success,YES,YES
235197665340,Warning,YES,YES
235214767866,Warning,YES,YES
235226017969,Warning,YES,YES
235227727519,Warning,YES,YES
235235642786,Warning,YES,YES
235238649466,Warning,YES,YES
235240675875,Warning,YES,YES
235244103905,Warning,YES,YES
235249667109,Success,YES,YES
235264218835,Warning,YES,YES
235339618206,Warning,YES,YES
235365887228,Warning,YES,YES
235386965380,Warning,YES,YES
235392003566,Success,YES,YES
235396232983,Warning,YES,YES
235399090909,Success,YES,YES
235409096986,Warning,YES,YES
235436886860,Warning,YES,YES
235441319364,Success,YES,YES
235445154602,Success,YES,YES
235450751834,Warning,YES,YES
235456017127,Success,YES,YES
235459823131,Warning,YES,YES
235463312560,Warning,YES,YES
235463330536,Warning,YES,YES
235473955329,Warning,YES,YES
235475474261,Warning,YES,YES
235477074948,Warning,YES,YES
235480965677,Warning,YES,YES
235480965695,Success,YES,YES
235480965806,Warning,YES,YES
235482459293,Warning,YES,YES
235483317325,Success,YES,YES
235499239928,Warning,YES,YES
235505374432,Success,YES,YES
235515601661,Success,YES,YES
235520156841,Success,YES,YES
235522127585,Success,YES,YES
235523607549,Success,YES,YES
235528772889,Success,YES,YES
235539278220,Warning,YES,YES
235540665153,Success,YES,YES
235542026245,Warning,YES,YES
235546013987,Warning,YES,YES
235546014012,Warning,YES,YES
235547635892,Warning,YES,YES
235547635948,Warning,YES,YES
235548997300,Success,YES,YES
235550290140,Warning,YES,YES
235553303692,Warning,YES,YES
235555762740,Warning,YES,YES
235557930524,Warning,YES,YES
235561798388,Warning,YES,YES
235564694014,Warning,YES,YES
235566257605,Success,YES,YES
235567190786,Warning,YES,YES
235570931965,Warning,YES,YES
235571605042,Warning,YES,YES
235574892230,Warning,YES,YES
235578359942,Warning,YES,YES
235578364769,Warning,YES,YES
235579675193,Warning,YES,YES
235580958045,Warning,YES,YES
235582224942,Warning,YES,YES
235586463818,Warning,YES,YES
235588568699,Warning,YES,YES
235612248029,Success,YES,YES
235792850839,Warning,YES,YES
235868804322,Warning,YES,YES
236015325652,Warning,YES,YES
236025492026,Success,YES,YES
236070593096,Warning,YES,YES
236153746008,Warning,YES,YES
236167093641,Success,YES,YES
236206659191,Warning,YES,YES
236344962434,Failure,YES,YES
236344962435,Warning,YES,YES
236344962436,Warning,YES,YES
236344962437,Warning,YES,YES
236344962442,Warning,YES,YES
236344962443,Warning,YES,YES
236344962444,Warning,YES,YES
236344962447,Warning,YES,YES
236344962451,Warning,YES,YES
236344962452,Warning,YES,YES
236344962453,Warning,YES,YES
236344962454,Warning,YES,YES
236344962455,Warning,YES,YES
236344962456,Warning,YES,YES
236344962459,Failure,YES,YES
236344962462,Warning,YES,YES
236344962465,Success,YES,YES
236344962467,Warning,YES,YES
236344962469,Warning,YES,YES
236344962470,Warning,YES,YES
236344962472,Warning,YES,YES
236344962474,Warning,YES,YES
236344962475,Success,YES,YES
236344962477,Warning,YES,YES
236344962479,Warning,YES,YES
236344962482,Warning,YES,YES
236345031394,Warning,YES,YES
236345031396,Warning,YES,YES
236345031402,Warning,YES,YES
236345031403,Warning,YES,YES
236345031404,Warning,YES,YES
236345031406,Warning,YES,YES
236345031407,Warning,YES,YES
236345031408,Warning,YES,YES
236345031410,Warning,YES,YES
236345031412,Warning,YES,YES
236345031413,Warning,YES,YES
236345031414,Warning,YES,YES
236345031415,Success,YES,YES
236345031416,Warning,YES,YES
236345031418,Warning,YES,YES
236345031419,Warning,YES,YES
236345031422,Warning,YES,YES
236345031423,Warning,YES,YES
236345031424,Warning,YES,YES
236345031425,Warning,YES,YES
236345031427,Warning,YES,YES
236345031429,Warning,YES,YES
236345031430,Warning,YES,YES
236345031431,Warning,YES,YES
236345031435,Warning,YES,YES
236345031438,Warning,YES,YES
236345031440,Warning,YES,YES
236345031442,Warning,YES,YES
236345031444,Warning,YES,YES
236345031445,Warning,YES,YES
236345031446,Failure,YES,YES
236345031447,Warning,YES,YES
236345031448,Warning,YES,YES
236345031449,Warning,YES,YES
236345031450,Warning,YES,YES
236345031451,Warning,YES,YES
236345031452,Warning,YES,YES
236345031453,Warning,YES,YES
236345031454,Warning,YES,YES
236345031456,Warning,YES,YES
236345031460,Warning,YES,YES
236345031462,Failure,YES,YES
236345031463,Warning,YES,YES
236345031465,Warning,YES,YES
236345031466,Warning,YES,YES
236345031468,Success,YES,YES
236345031469,Warning,YES,YES
236345031470,Warning,YES,YES
236345031472,Success,YES,YES
236345031473,Warning,YES,YES
236345031474,Warning,YES,YES
236345031475,Warning,YES,YES
236345031479,Warning,YES,YES
236345031480,Success,YES,YES
236345031482,Success,YES,YES
236345031486,Success,YES,YES
236345031488,Success,YES,YES
236345056379,Warning,YES,YES
236345056380,Warning,YES,YES
236345056382,Warning,YES,YES
236345056383,Warning,YES,YES
236345056388,Success,YES,YES
236345056389,Warning,YES,YES
236345056390,Warning,YES,YES
236345056392,Warning,YES,YES
236345056393,Warning,YES,YES
236345056394,Warning,YES,YES
236345056395,Warning,YES,YES
236345056398,Warning,YES,YES
236345056399,Warning,YES,YES
236345056400,Warning,YES,YES
236345056402,Success,YES,YES
236345056403,Warning,YES,YES
236345056405,Warning,YES,YES
236345056406,Warning,YES,YES
236345056407,Warning,YES,YES
236345056409,Warning,YES,YES
236345056410,Success,YES,YES
236345056411,Warning,YES,YES
236345056413,Warning,YES,YES
236345056414,Warning,YES,YES
236345056415,Warning,YES,YES
236345056416,Warning,YES,YES
236345056418,Warning,YES,YES
236345056420,Warning,YES,YES
236345056421,Failure,YES,YES
236345056423,Warning,YES,YES
236345056424,Warning,YES,YES
236345056425,Success,YES,YES
236345056427,Success,YES,YES
236345056429,Warning,YES,YES
236345056430,Warning,YES,YES
236345056432,Warning,YES,YES
236345056434,Success,YES,YES
236345056435,Warning,YES,YES
236345056436,Warning,YES,YES
236345056438,Success,YES,YES
236345056439,Warning,YES,YES
236345056440,Success,YES,YES
236345056442,Success,YES,YES
236345056443,Warning,YES,YES
236345069128,Warning,YES,YES
236345069129,Warning,YES,YES
236345069130,Warning,YES,YES
236345069131,Warning,YES,YES
236345069132,Success,YES,YES
236345069133,Warning,YES,YES
236345069134,Warning,YES,YES
236345069135,Warning,YES,YES
236345069136,Warning,YES,YES
236345069137,Warning,YES,YES
236345069139,Warning,YES,YES
236345069140,Warning,YES,YES
236345069141,Warning,YES,YES
236345069143,Warning,YES,YES
236345069144,Warning,YES,YES
236345069146,Warning,YES,YES
236345069147,Warning,YES,YES
236345069148,Warning,YES,YES
236345069150,Warning,YES,YES
236345069151,Warning,YES,YES
236345069152,Warning,YES,YES
236345069153,Warning,YES,YES
236345069154,Warning,YES,YES
236345069157,Warning,YES,YES
236345069158,Warning,YES,YES
236345069159,Warning,YES,YES
236345069160,Warning,YES,YES
236345069161,Warning,YES,YES
236345069162,Warning,YES,YES
236345069163,Warning,YES,YES
236345069164,Warning,YES,YES
236345069166,Warning,YES,YES
236345069168,Warning,YES,YES
236345069169,Warning,YES,YES
236345069170,Warning,YES,YES
236345069171,Warning,YES,YES
236345069172,Success,YES,YES
236345069173,Warning,YES,YES
236345069174,Warning,YES,YES
236345069175,Success,YES,YES
236345069177,Success,YES,YES
236345069178,Warning,YES,YES
236345069181,Warning,YES,YES
236345069182,Warning,YES,YES
236345069183,Success,YES,YES
236345069184,Success,YES,YES
236345069185,Warning,YES,YES
236345069189,Failure,YES,YES
236345069190,Warning,YES,YES
236345069194,Warning,YES,YES
236345137141,Warning,YES,YES
236345137146,Warning,YES,YES
236345137148,Warning,YES,YES
236345137150,Warning,YES,YES
236345137152,Warning,YES,YES
236345137156,Success,YES,YES
236345137157,Warning,YES,YES
236345137158,Warning,YES,YES
236345137159,Warning,YES,YES
236345137160,Warning,YES,YES
236345137161,Warning,YES,YES
236345137162,Warning,YES,YES
236345137165,Warning,YES,YES
236345137167,Warning,YES,YES
236345137168,Success,YES,YES
236345137169,Warning,YES,YES
236345137171,Warning,YES,YES
236345137172,Success,YES,YES
236345137173,Warning,YES,YES
236345137174,Warning,YES,YES
236345137177,Warning,YES,YES
236345137178,Warning,YES,YES
236345137179,Warning,YES,YES
236345137180,Warning,YES,YES
236345137181,Success,YES,YES
236345137183,Warning,YES,YES
236345137184,Warning,YES,YES
236345137186,Warning,YES,YES
236345137187,Warning,YES,YES
236345137188,Warning,YES,YES
236345137189,Warning,YES,YES
236345137191,Success,YES,YES
236345137192,Warning,YES,YES
236345137193,Warning,YES,YES
236345137194,Warning,YES,YES
236345137195,Warning,YES,YES
236345137196,Warning,YES,YES
236345137197,Warning,YES,YES
236345137198,Warning,YES,YES
236345137199,Warning,YES,YES
236345137201,Warning,YES,YES
236345137202,Warning,YES,YES
236345137203,Warning,YES,YES
236345137205,Warning,YES,YES
236345137206,Warning,YES,YES
236345137207,Warning,YES,YES
236345137210,Warning,YES,YES
236345137211,Success,YES,YES
236345137212,Warning,YES,YES
236345137213,Warning,YES,YES
236345137214,Warning,YES,YES
236345137218,Warning,YES,YES
236345137219,Warning,YES,YES
236345137220,Warning,YES,YES
236345137221,Warning,YES,YES
236345137222,Failure,YES,YES
236345137223,Warning,YES,YES
236345137224,Warning,YES,YES
236345137225,Warning,YES,YES
236345137226,Warning,YES,YES
236345137227,Success,YES,YES
236345137228,Warning,YES,YES
236345137232,Warning,YES,YES
236345137233,Success,YES,YES
236345137237,Warning,YES,YES
236345146194,Warning,YES,YES
236345146195,Warning,YES,YES
236345146196,Success,YES,YES
236345146197,Warning,YES,YES
236345146198,Warning,YES,YES
236345146199,Success,YES,YES
236345146200,Warning,YES,YES
236345146202,Warning,YES,YES
236345160651,Warning,YES,YES
236345160652,Warning,YES,YES
236345160655,Warning,YES,YES
236345160656,Warning,YES,YES
236345160657,Warning,YES,YES
236345160659,Warning,YES,YES
236345160660,Success,YES,YES
236345160661,Warning,YES,YES
236345160662,Warning,YES,YES
236345160663,Warning,YES,YES
236345160666,Warning,YES,YES
236345160667,Warning,YES,YES
236345160668,Success,YES,YES
236349205704,Warning,YES,YES
236364170980,Warning,YES,YES
236372516898,Warning,YES,YES
236372535013,Warning,YES,YES
236384016213,Warning,YES,YES
236389398668,Warning,YES,YES
236393816538,Warning,YES,YES
236407324687,Warning,YES,YES
236460252577,Success,YES,YES
236475639551,Warning,YES,YES
236475895875,Warning,YES,YES
236616299901,Warning,YES,YES
236616368959,Warning,YES,YES
236616368960,Warning,YES,YES
236628739808,Warning,YES,YES
236679296423,Success,YES,YES
236734346647,Warning,YES,YES
236746944737,Warning,YES,YES
363572491527,Warning,YES,YES
363932435623,Warning,YES,YES
364365610077,Warning,YES,YES
364498198233,Warning,YES,YES
364498198601,Warning,YES,YES
364532229830,Success,YES,YES
364564395846,Warning,YES,YES
364567619022,Warning,YES,YES
364584755081,Success,YES,YES
364616077785,Success,YES,YES
364621086079,Warning,YES,YES
364658565826,Warning,YES,YES
364695125775,Warning,YES,YES
364721114257,Warning,YES,YES
364721606929,Warning,YES,YES
364737328423,Warning,YES,YES
364743674714,Warning,YES,YES
364755157439,Success,YES,YES
364760331441,Warning,YES,YES
364776659031,Warning,YES,YES
364811452556,Success,YES,YES
364820863592,Warning,YES,YES
364824402665,Warning,YES,YES
364825735402,Warning,YES,YES
364825771266,Warning,YES,YES
364826513800,Warning,YES,YES
364835511265,Warning,YES,YES
364839720860,Warning,YES,YES
364846782864,Success,YES,YES
364851559092,Success,YES,YES
364855706606,Warning,YES,YES
364856425787,Warning,YES,YES
364858699591,Warning,YES,YES
364859505659,Success,YES,YES
364861408681,Warning,YES,YES
364862486761,Warning,YES,YES
364864238927,Success,YES,YES
364869811859,Warning,YES,YES
364872869664,Success,YES,YES
364875044282,Warning,YES,YES
364881885930,Warning,YES,YES
364888228206,Warning,YES,YES
364888929125,Warning,YES,YES
364889774692,Warning,YES,YES
364892134335,Warning,YES,YES
364892135275,Warning,YES,YES
364893803618,Success,YES,YES
364893803702,Warning,YES,YES
364893803735,Warning,YES,YES
364897700204,Warning,YES,YES
364897700351,Warning,YES,YES
364899577155,Warning,YES,YES
364899577169,Success,YES,YES
364906595367,Warning,YES,YES
364909134364,Success,YES,YES
364909875082,Warning,YES,YES
364909875631,Warning,YES,YES
364910897632,Warning,YES,YES
364911624436,Success,YES,YES
364921172987,Warning,YES,YES
364921173212,Warning,YES,YES
364922917672,Success,YES,YES
364922917776,Success,YES,YES
364955236423,Success,YES,YES
365181860743,Warning,YES,YES
365242110528,Warning,YES,YES
365443968263,Warning,YES,YES
365456861194,Success,YES,YES
365504557753,Warning,YES,YES
365680341386,Success,YES,YES
365702408026,Warning,YES,YES
365706947943,Warning,YES,YES
365737133639,Warning,YES,YES
365816245798,Success,YES,YES
365879832351,Warning,YES,YES
365879832353,Warning,YES,YES
365879832355,Warning,YES,YES
365879832356,Warning,YES,YES
365879832357,Warning,YES,YES
365879832358,Warning,YES,YES
365879832359,Warning,YES,YES
365879832360,Warning,YES,YES
365879832362,Warning,YES,YES
365879832363,Warning,YES,YES
365879832365,Warning,YES,YES
365879832366,Warning,YES,YES
365879832367,Warning,YES,YES
365879832368,Warning,YES,YES
365879832369,Warning,YES,YES
365879832370,Warning,YES,YES
365879832374,Warning,YES,YES
365879832376,Warning,YES,YES
365879832377,Success,YES,YES
365879832379,Warning,YES,YES
365879832383,Warning,YES,YES
365879832385,Success,YES,YES
365879832388,Warning,YES,YES
365879832389,Warning,YES,YES
365879832392,Warning,YES,YES
365879832393,Success,YES,YES
365879832395,Warning,YES,YES
365879832396,Warning,YES,YES
365879832397,Success,YES,YES
365879832400,Warning,YES,YES
365879832406,Warning,YES,YES
365879832410,Warning,YES,YES
365879907928,Warning,YES,YES
365879907931,Warning,YES,YES
365879907934,Warning,YES,YES
365879907937,Warning,YES,YES
365879907942,Warning,YES,YES
365879907946,Warning,YES,YES
365879907948,Warning,YES,YES
365879907950,Warning,YES,YES
365879907953,Warning,YES,YES
365879907954,Warning,YES,YES
365879907955,Warning,YES,YES
365879907956,Success,YES,YES
365879907957,Warning,YES,YES
365879907959,Warning,YES,YES
365879907961,Success,YES,YES
365879907965,Warning,YES,YES
365879907969,Warning,YES,YES
365879907970,Warning,YES,YES
365879907973,Warning,YES,YES
365879907974,Warning,YES,YES
365879907976,Warning,YES,YES
365879907980,Warning,YES,YES
365879907983,Warning,YES,YES
365879907984,Warning,YES,YES
365879907985,Warning,YES,YES
365879907986,Warning,YES,YES
365879907987,Warning,YES,YES
365879907988,Warning,YES,YES
365879907990,Success,YES,YES
365879907991,Success,YES,YES
365879907995,Success,YES,YES
365879907999,Warning,YES,YES
365879908001,Warning,YES,YES
365879908002,Warning,YES,YES
365879908004,Warning,YES,YES
365879908006,Warning,YES,YES
365879908007,Warning,YES,YES
365879908009,Warning,YES,YES
365879908011,Warning,YES,YES
365879908012,Warning,YES,YES
365879908015,Warning,YES,YES
365879908017,Warning,YES,YES
365879908019,Warning,YES,YES
365879908020,Warning,YES,YES
365879908021,Success,YES,YES
365879908022,Success,YES,YES
365879908023,Warning,YES,YES
365879908024,Success,YES,YES
365879908026,Failure,YES,YES
365879908034,Success,YES,YES
365879935259,Warning,YES,YES
365879935262,Warning,YES,YES
365879935263,Warning,YES,YES
365879935265,Warning,YES,YES
365879935267,Warning,YES,YES
365879935269,Warning,YES,YES
365879935270,Success,YES,YES
365879935271,Warning,YES,YES
365879935272,Warning,YES,YES
365879935273,Warning,YES,YES
365879935274,Warning,YES,YES
365879935275,Warning,YES,YES
365879935276,Warning,YES,YES
365879935277,Success,YES,YES
365879935278,Warning,YES,YES
365879935279,Warning,YES,YES
365879935280,Success,YES,YES
365879935283,Success,YES,YES
365879935284,Warning,YES,YES
365879935285,Warning,YES,YES
365879935286,Warning,YES,YES
365879935287,Warning,YES,YES
365879935289,Warning,YES,YES
365879935290,Warning,YES,YES
365879935291,Warning,YES,YES
365879935292,Warning,YES,YES
365879935293,Warning,YES,YES
365879935294,Success,YES,YES
365879935296,Warning,YES,YES
365879935297,Warning,YES,YES
365879935299,Warning,YES,YES
365879935300,Warning,YES,YES
365879935301,Warning,YES,YES
365879935302,Warning,YES,YES
365879935303,Warning,YES,YES
365879935304,Warning,YES,YES
365879935305,Warning,YES,YES
365879935306,Warning,YES,YES
365879935307,Warning,YES,YES
365879935309,Warning,YES,YES
365879935311,Warning,YES,YES
365879935312,Warning,YES,YES
365879935313,Warning,YES,YES
365879935314,Warning,YES,YES
365879935315,Warning,YES,YES
365879935316,Warning,YES,YES
365879935317,Warning,YES,YES
365879935319,Warning,YES,YES
365879935321,Warning,YES,YES
365879935323,Success,YES,YES
365879935324,Warning,YES,YES
365879935325,Warning,YES,YES
365879950523,Warning,YES,YES
365879950524,Success,YES,YES
365879950525,Warning,YES,YES
365879950526,Success,YES,YES
365879950527,Warning,YES,YES
365879950529,Success,YES,YES
365879950530,Warning,YES,YES
365879950531,Warning,YES,YES
365879950532,Warning,YES,YES
365879950533,Warning,YES,YES
365879950534,Warning,YES,YES
365879950535,Warning,YES,YES
365879950536,Warning,YES,YES
365879950537,Warning,YES,YES
365879950538,Warning,YES,YES
365879950540,Success,YES,YES
365879950541,Warning,YES,YES
365879950542,Warning,YES,YES
365879950543,Warning,YES,YES
365879950544,Warning,YES,YES
365879950545,Warning,YES,YES
365879950546,Warning,YES,YES
365879950547,Warning,YES,YES
365879950548,Warning,YES,YES
365879950549,Warning,YES,YES
365879950550,Warning,YES,YES
365879950551,Warning,YES,YES
365879950552,Warning,YES,YES
365879950553,Warning,YES,YES
365879950554,Success,YES,YES
365879950555,Warning,YES,YES
365879950556,Warning,YES,YES
365879950557,Success,YES,YES
365879950558,Warning,YES,YES
365879950559,Warning,YES,YES
365879950560,Success,YES,YES
365879950562,Success,YES,YES
365879950563,Warning,YES,YES
365879950564,Warning,YES,YES
365879950565,Warning,YES,YES
365879950566,Success,YES,YES
365879950567,Warning,YES,YES
365879950568,Warning,YES,YES
365879950569,Warning,YES,YES
365879950570,Warning,YES,YES
365879950571,Warning,YES,YES
365879950573,Warning,YES,YES
365879950574,Success,YES,YES
365879950575,Success,YES,YES
365879950576,Warning,YES,YES
365879950578,Warning,YES,YES
365879950581,Warning,YES,YES
365879950582,Warning,YES,YES
365879950584,Success,YES,YES
365879950585,Success,YES,YES
365879950586,Success,YES,YES
365879950587,Success,YES,YES
365879950591,Success,YES,YES
365879952718,Warning,YES,YES
365879996339,Failure,YES,YES
365879996340,Warning,YES,YES
365879996341,Warning,YES,YES
365879996342,Warning,YES,YES
365879996344,Warning,YES,YES
365879996345,Warning,YES,YES
365879996347,Warning,YES,YES
365879996350,Warning,YES,YES
365879996351,Warning,YES,YES
365879996352,Warning,YES,YES
365879996354,Warning,YES,YES
365879996355,Warning,YES,YES
365879996356,Success,YES,YES
365879996357,Warning,YES,YES
365879996360,Warning,YES,YES
365879996361,Warning,YES,YES
365879996362,Success,YES,YES
365879996364,Warning,YES,YES
365879996370,Warning,YES,YES
365879996371,Warning,YES,YES
365879996374,Warning,YES,YES
365879996375,Warning,YES,YES
365879996376,Warning,YES,YES
365879996377,Warning,YES,YES
365879996378,Warning,YES,YES
365879996379,Warning,YES,YES
365879996381,Warning,YES,YES
365879996382,Warning,YES,YES
365879996383,Warning,YES,YES
365879996385,Warning,YES,YES
365879996387,Warning,YES,YES
365879996390,Warning,YES,YES
365879996391,Warning,YES,YES
365879996392,Warning,YES,YES
365879996393,Warning,YES,YES
365879996394,Warning,YES,YES
365879996395,Warning,YES,YES
365879996397,Warning,YES,YES
365879996399,Warning,YES,YES
365879996401,Warning,YES,YES
365879996403,Warning,YES,YES
365879996405,Warning,YES,YES
365879996408,Warning,YES,YES
365879996410,Warning,YES,YES
365879996412,Warning,YES,YES
365879996413,Warning,YES,YES
365879996414,Warning,YES,YES
365879996419,Warning,YES,YES
365879996421,Success,YES,YES
365879996423,Warning,YES,YES
365879996424,Warning,YES,YES
365879996425,Warning,YES,YES
365879996432,Success,YES,YES
365879996433,Warning,YES,YES
365879996435,Warning,YES,YES
365880019095,Warning,YES,YES
365880019096,Warning,YES,YES
365880019097,Warning,YES,YES
365880019098,Warning,YES,YES
365880019099,Warning,YES,YES
365880019102,Success,YES,YES
365880042741,Warning,YES,YES
365880042745,Warning,YES,YES
365880042746,Warning,YES,YES
365880042748,Warning,YES,YES
365880042750,Warning,YES,YES
365880042752,Warning,YES,YES
365880042759,Warning,YES,YES
365880042760,Warning,YES,YES
365880042761,Warning,YES,YES
365880042763,Warning,YES,YES
365880042764,Warning,YES,YES
365880042766,Warning,YES,YES
365880042767,Warning,YES,YES
365880042779,Success,YES,YES
365898226163,Warning,YES,YES
365906269227,Success,YES,YES
365920250803,Success,YES,YES
365921952213,Warning,YES,YES
365924277847,Warning,YES,YES
365938401688,Warning,YES,YES
365949582238,Warning,YES,YES
365951839417,Warning,YES,YES
365963343290,Warning,YES,YES
365985319500,Warning,YES,YES
366005344632,Success,YES,YES
366173240741,Warning,YES,YES
366225490792,Warning,YES,YES
366271099463,Success,YES,YES
366339232709,Warning,YES,YES
