numeric_id,title,changes
8461244170540,"20oz Rock Pick Mining Hammer, 11-inch Pointed Tip Gold Prospectors Tool",condition:'New'->'new'
8461244367148,"Multi Riffle Plastic Sluice Box Gold Prospecting Equipment, Green",condition:'New'->'new'
8461244793132,"7pc Beginner Sluice Box Gold Panning Kit with Gold Prospecting Equipment (Aluminum or Plastic)",condition:'New'->'new'
8491279384876,"ASR Outdoor X Pan for Gold with Bobby Bo 3oz Beginner Paydirt Gold Panning Kit, 6pc",condition:''->'new'
8491328143660,"24pc Gold Panning Kit with 5 Gallon Bucket and 10lb Pan for Gold with Bobby Bo Paydirt (2 Colors)",condition:''->'new'
8491384897836,"7pc Kids Starter Gold Panning Kit Beginner Prospecting Equipment with Paydirt (3 Colors)",condition:''->'new'
8491401380140,"ASR Outdoor Gold Panning Paydirt 1LB Advanced Bag Gold Prospecting Concentrate Flakes (Green or Black)",condition:''->'new'
8493498204460,"ASR Outdoor 6pc Gold Panning Kit with 1lbs Bobby Bo Intermediate Unclassified Paydirt Bag (Green or Black)",condition:''->'new'
8493515178284,"ASR Outdoor Beginner Gold Panning Kit with 1LB Guaranteed Gold Paydirt (3 Colors), 6pc",condition:''->'new'
8493529727276,"Dual Riffle Gold Pans Gold Prospecting Equipment (3 Colors and Sizes)",condition:''->'new'
8493540180268,"17pc Complete Backpack Sluice Box Gold Panning Kit with 10lb Bobby Bo Intermediate Gold Paydirt (3 Colors)",condition:''->'new'
8493678985516,"15pc Travel Backpack Gold Panning Kit with Mini Sluice Box and 3lb Gold Bobby Bo Paydirt (2 Styles)",condition:''->'new'
8495190245676,"5pc Beginners Gold Panning Kit with Pan, Glass Vials, Snifter Bottle, Magnifying Tweezers",condition:''->'new'
8495203287340,"50 Inch Aluminum Folding Gold Sluice Box Prospecting Equipment",condition:''->'new'
8502255157548,"Stackable 5 Gallon Bucket Classifier Screens Sifting Sieves (Many Sizes)",condition:''->'new'
8502335045932,"Large Gold Panning Prospector's Sand Scoop Hand Trowel (4 Colors)",condition:''->'new'
8502378823980,"Small Stackable 6 Inch Classifier Screen Sifting Sieves, Assorted Stainless Steel Mesh Sizes",condition:''->'new'
8502395011372,"Mini Portable Aluminum Sluice Box with Rubber Matting Gold Prospecting Equipment, 12 Inch",condition:''->'new'
8502409855276,"Mini Portable 3 Riffle Rubber Sluice Box Gold Prospecting Equipment, 12 Inch",condition:''->'new'
8502466216236,"8.5 inch Large Plastic Sand Scoop for Metal Detector Treasure Hunting (3 Colors)",condition:''->'new'
8502535192876,"16pc Beginner Geology Rock Hounding Kit with Mining Tools and Tool Bag",condition:''->'new'
8502573924652,"3oz Plastic Heavy Duty Gold Snifter Bottle with Squeeze Nozzle (Multi-Packs)",condition:''->'new'
8502621208876,"Large Rubber Riffled Sluice Box Matting for Gold Recovery, 27 x 10 inch",condition:''->'new'
8502631498028,"20pc Mini Pocket Sluice Box with 3.5 Gallon Bucket Gold Panning Kit (2 Styles)",condition:''->'new'
8504457167148,"4x Magnification Steel Magnifying Tweezers Gold Prospecting Equipment, 1 Pair",condition:''->'new'
8517722669356,"3mL Gold Panning Precision Plastic Dropper Pipettes 5.5 Inch (Multiple Pack Sizes)",condition:''->'new'
8521682682156,"ASR Outdoor Black Drawstring Backpack Gym Bag Hiking Gear, 20 x 16 Inches",condition:''->'new'
8521704636716,"30L Heavy Stitch Gold Panning Backpack Camping Gear Canvas Rucksack (4 Colors)",condition:''->'new'
8521725116716,"7pc Classic Field Beginner Gold Panning Kit with Dual Riffle Gold Pans (2 Colors)",condition:''->'new'
8521740910892,"4pc Dual Riffle Gold Pan Set Gold Prospecting Equipment (2 Colors)",condition:''->'new'
8521749922092,"14pc Beginner Finishing Gold Prospecting Equipment Gold Panning Kit, Black",condition:''->'new'
8521778561324,"Magnetic Pick Up Tool – Gold Prospecting Black Sand Separator Magnet with Quick Release Handle (2 Sizes)",condition:''->'new'
8521788588332,"2 Inch Natural Testing Stone Prospecting Tools, Black",condition:''->'new'
8521825714476,"19pc Ultimate Gold Panning Kit with Classifier Screens, Gold Pans, Rock Pick",condition:''->'new'
8521842229548,"Miners Moss Sluice Box Matting for Gold Prospecting (Multiple Sizes and Colors)",condition:''->'new'
8521873916204,"Aluminum Sluice Box with Rubber TPR Riffle Matting, Gold Prospecting Equipment, 34 Inch",condition:''->'new'
8521901801772,"2 in 1 Metal Detector Sand Scoop with Built-in Steel Probe, Black",condition:''->'new'
8521944531244,"22pc Complete Finishing Gold Panning Kit with Rock Pick Hammer, Green",condition:''->'new'
8521946104108,"27 Inch Compact Aluminum Sluice Box with Flared Mouth Gold Prospecting Equipment",condition:''->'new'
8521959866668,"Green Gold Rush Lightweight Hand Scoop Trowel Gold Prospecting Equipment",condition:''->'new'
8521967042860,"5lbs Magnetic Black Sand Steel Pocket Separator Pen Pick Up Tool",condition:''->'new'
8521979887916,"Heavy Duty Collapsable Magnetic Prospectors Pick Axe Gold Prospecting Equipment, Silver",condition:''->'new'
8522010329388,"21pc Folding 50 Inch Aluminum Sluice Box Gold Panning Kit with Gold Recovery Prospecting Tools",condition:''->'new'
8522103718188,"21pc Testing and Finishing Gold Panning Kit with Tool Box",condition:''->'new'
8522216636716,"3.5 or 5 Gallon White Heavy Duty Bucket with Handle Gold Prospecting Equipment",condition:''->'new'
8525101793580,"4oz Gold Snifter Bottle Squeeze Snuffer for Fine Gold Recovery and Gold Panning (Assorted Pack Sizes)",condition:''->'new'
8525173948716,"16pc Traditional Sluice Box Finishing Gold Panning Kit with Classifier Screens, Green",condition:''->'new'
8571037516076,"40pc Deluxe Geology Rock Hounding Kit with Mining Tools and Musette Tool Bag",condition:''->'new'
8571177402668,"3 in 1 Black Trifold Steel Multipurpose Serrated Shovel Pick and Saw with Storage Case, 22 Inch",condition:''->'new'
8571261387052,"HRC Steel Shovel with Knurled Wooden Handle Gold Prospecting Equipment, 28.25 Inch",condition:''->'new'
8571326300460,"Magnifying Tweezer and Glass Collection Vials Set Gold Panning Accessories, 5pc",condition:''->'new'
8571407565100,"3 in 1 Black Mini Folding Serrated Edge Shovel Pick and Saw Gold Prospecting Equipment, 16 Inches",condition:''->'new'
8644958716204,"19pc Complete Fine Gold Recovery Kit Gold Prospecting Equipment with Mini Funnel","gender:''->'unisex' | age_group:''->'adult' | condition:''->'new'"
8791674552620,"14pc Portable Gold Panning Kit with Stackable Plastic Sifting Screens, Drawstring Backpack and Gold Prospecting Equipment (3 Sizes)","gender:''->'unisex' | age_group:''->'adult' | condition:''->'new' | google_product_category:''->'1013'"
8791693558060,"Heavy Duty Stackable Plastic Sifting Screens Gold Prospecting Equipment Rock Hounding (3 Sizes)","gender:''->'unisex' | age_group:''->'adult' | condition:''->'new' | google_product_category:''->'1013'"
8875920785708,"ASR Outdoor and Pan for Gold with Bobby Bo Guaranteed Gold Paydirt Bags (3oz, 1LB, 3LB, 10LB)","gender:''->'unisex' | age_group:''->'adult' | condition:''->'new'"
8919461888300,"21pc Geology Rock Hounding Kit with Mining Tools and Deluxe Carry Bag","gender:''->'unisex' | age_group:''->'adult' | condition:''->'new' | google_product_category:''->'1013'"
8919490330924,"13 Pocket Musette Shoulder Tool Bag for Rock Hounding or Metal Detecting","gender:''->'unisex' | age_group:''->'adult'"
8992586793260,"Stackable 1/4"" Classifier Sifting Screen Gold Prospecting Equipment","gender:''->'unisex' | age_group:''->'adult' | condition:''->'new' | google_product_category:''->'1013'"
9025218904364,"19pc Metal Detector Accessories Kit with Musette Style Field Tool Bag","gender:''->'unisex' | age_group:''->'adult' | condition:''->'new' | google_product_category:''->'1013'"
9082933772588,"13 Inch Serrated Edge Digger, Versatile Hand Trowel for Breaking up Hard Ground","gender:''->'unisex' | age_group:''->'adult' | google_product_category:''->'1013'"
9082999210284,"11 Inch Pin Pointer Metal Detecting Hand Trowel Shovel with Depth Markers (2 Colors)","gender:''->'unisex' | age_group:''->'adult' | google_product_category:''->'1013'"
9147226489132,"ASR Outdoor 10L Collapsible Bucket and Stand Gold Prospecting Equipment, 6pc","gender:''->'unisex' | age_group:''->'adult'"
9147232583980,"Classifier Screen with 10L Collapsible Silicone Bucket Gold Prospecting Equipment","gender:''->'unisex' | age_group:''->'adult' | condition:''->'new' | google_product_category:''->'1013'"
9411548447020,"3pc Heavy Duty Cold Steel Chisel Set Rock Hounding Equipment","gender:''->'unisex' | age_group:''->'adult' | condition:''->'new'"
9511343030572,"Lightweight Carbon Steel Camping Hammer with Tent Stakes Puller, 12 Inch","gender:''->'unisex' | age_group:''->'adult' | condition:''->'new'"
9511347683628,"10 in 1 Compact Survival Device Camping Hiking Gear Emergency Supplies, Green","gender:''->'unisex' | age_group:''->'adult'"
9511352959276,"4pk Aluminum Screw in Tent Stakes, 9 Inch","gender:''->'unisex' | age_group:''->'adult' | condition:''->'new'"
9511355318572,"2pk Lightweight Zipper Pull Mini Compass Hiking Camping Gear, Black","gender:''->'unisex' | age_group:''->'adult' | condition:''->'new'"
9511356694828,"3pc Collapsible Camping Lantern, Assorted Colors","gender:''->'unisex' | age_group:''->'adult' | condition:''->'new'"
9511359676716,"Hanging Camping Lantern Battery Operated LED","gender:''->'unisex' | age_group:''->'adult' | condition:''->'new'"
9511362527532,"36 Hour Camping Survival Candle in Portable Box, 3 Wick","gender:''->'unisex' | age_group:''->'adult' | condition:''->'new'"
9511364165932,"Thermal Mat Heat Reflective Camping Sleeping Pad","gender:''->'unisex' | condition:''->'new'"
9511366590764,"Heavy Duty Galvanized Carbon Steel Tent Stakes 11 Inch – Camping Ground Anchors for Tents Tarps Canopies (3 Colors, Assorted Pack Sizes)","gender:''->'unisex' | age_group:''->'adult' | condition:''->'new'"
9511368261932,"6 in 1 Camping Kitchen Multi-Tool with Carrying Case and Bottle Opener","gender:''->'unisex' | age_group:''->'adult' | condition:''->'new'"
9511369113900,"Elastic Shock Cord Natural Rubber 30 Feet 3mm Diameter, Black","gender:''->'unisex' | age_group:''->'adult' | condition:''->'new'"
9512943649068,"55pc Compact Travel First Aid Kit in Resealable Bag","gender:''->'unisex' | age_group:''->'adult' | condition:''->'new'"
9512958918956,"3pc Reusable Camping Cutlery Plastic Utensils Set","gender:''->'unisex' | age_group:''->'adult' | condition:''->'new'"
9512966947116,"3-in-1 Waterproof Match Container – Fire Starter Flint, Signal Mirror & Dry Storage Capsule (2 Colors)","gender:''->'unisex' | age_group:''->'adult' | condition:''->'new'"
9512972353836,"Multi-Function Key Chain Knife Tool","gender:''->'unisex' | age_group:''->'adult' | condition:''->'new'"
9512980218156,"Fishing Fillet Knife Hard Sheath and Floating Handle, 6 inch Blade","gender:''->'unisex' | age_group:''->'adult' | condition:''->'new'"
9512984052012,"7 Function Small Pocket Camping Utensil Flatware, Spoon Fork Knife","gender:''->'unisex' | age_group:''->'adult' | condition:''->'new'"
9512996602156,"Insulated Stainless Steel Coffee Mug with Travel Splash Guard Lid, 7.4oz","gender:''->'unisex' | age_group:''->'adult' | condition:''->'new'"
9513008824620,"6mm Water Bottle Holder with Blue Aluminum Carabiner Attachment","gender:''->'unisex' | age_group:''->'adult' | condition:''->'new'"
9513012789548,"Folding Collapsible Pet Travel Food Bowl Dish","gender:''->'unisex' | age_group:''->'adult' | condition:''->'new'"
9513024946476,"100pc Portable Dry Sack First Aid Kit Dry Emergency Preparedness Items Survival Gear","gender:''->'unisex' | age_group:''->'adult'"
9513038381356,"Clear Waterproof All Purpose Storage Container, Hiking and Camping Gear, 5.5 Inch","gender:''->'unisex' | age_group:''->'adult' | condition:''->'new'"
9513041494316,"5 Gallon Bucket Portable Toilet Seat","gender:''->'unisex' | age_group:''->'adult' | condition:''->'new'"
9513050702124,"Survival 7 in 1 Multitool with Whistle Compass LED Flashlight","gender:''->'unisex' | age_group:''->'adult' | condition:''->'new'"
9513054404908,"Extendable Marshmallow Toaster BBQ Fork - 35.5""","gender:''->'unisex' | age_group:''->'adult' | condition:''->'new'"
9513065218348,"3 in 1 Flint Fire Starter Whistle - Black","gender:''->'unisex' | age_group:''->'adult' | condition:''->'new'"
9513105228076,"High Visibility Emergency Glow Stick Safety Light, 1pk","gender:''->'unisex' | age_group:''->'adult' | condition:''->'new'"
9513115287852,"Fire Stick Starter Survival Tool with Keychain and Compass","gender:''->'unisex' | age_group:''->'adult' | condition:''->'new'"
9513170108716,"12pk Water Resistant Non Toxic Slow Burning Tinder Sticks Camping Gear","gender:''->'unisex' | age_group:''->'adult'"
9513182429484,"3 in 1 Hiking Camping Survival Multi Tool Fire Starter Pocket Knife","gender:''->'unisex' | age_group:''->'adult' | condition:''->'new'"
9513188688172,"Survival Mylar Extreme Emergency Blanket, Orange","gender:''->'unisex' | age_group:''->'adult' | condition:''->'new'"
9513197666604,"38pc Compact Survival Kit in Illuminated Dry Box","gender:''->'unisex' | age_group:''->'adult' | condition:''->'new'"
9513212182828,"14 in 1 Stainless Steel ECD Utility Multitool Pocket Knife with Carry Pouch","gender:''->'unisex' | age_group:''->'adult'"
9513216540972,"Emergency Outdoor Winter Blanket Insulated Thermal Reflector 4 Pack","gender:''->'unisex' | age_group:''->'adult' | condition:''->'new'"
9513231810860,"Illuminated Dry Box Detachable Lid Large Waterproof Storage Case","gender:''->'unisex' | age_group:''->'adult' | condition:''->'new'"
9516197249324,"Waterproof Notebook with Pencil","gender:''->'unisex' | age_group:''->'adult' | condition:''->'new'"
9516211142956,"Buckshot Knives Camping Axe Hatchet - Black Steel with Cord Cutter","gender:''->'unisex' | age_group:''->'adult' | condition:''->'new'"
9516216516908,"Survival Hatchet with Hammer and Pry Bar, Multi-Tool","gender:''->'unisex' | age_group:''->'adult' | condition:''->'new'"
9516221989164,"Full Tang Tanto Survival Knife with Fire Starter, 7 inch, Serrated Spine, Black and Green","gender:''->'unisex' | age_group:''->'adult' | condition:''->'new'"
9516229722412,"Solid Titanium Ice Pick, 9.25""","gender:''->'unisex' | age_group:''->'adult' | condition:''->'new'"
9516236144940,"400lb Neodymium Magnet Fishing Kit with Paracord for Retrieving Lost Treasure","gender:''->'unisex' | age_group:''->'adult' | condition:''->'new'"
9516244304172,"Nylon Fishing Vest, Lightweight Outdoor Cargo Jacket, Size Large","gender:''->'unisex' | age_group:''->'adult' | condition:''->'new'"
9516247875884,"11 Inch Stainless Steel Full Tang Fixed Blade Knife with Guthook for Fishing or Hunting","gender:''->'unisex' | age_group:''->'adult'"
9516251480364,"Grooved Angle Sharpening Stone for Fish Hooks & Blades","gender:''->'unisex' | age_group:''->'adult' | condition:''->'new'"
9516314722604,"Micro EDC Ceramic Striker Survival Gear Fire Starter (2 Colors)","gender:''->'unisex' | age_group:''->'adult' | condition:''->'new'"
9516340969772,"10pk Hand Warmers, 10 Hour Protection for Camping, Skiiing, Outdoors","gender:''->'unisex' | age_group:''->'adult'"
9516357517612,"Survival Candle, 48 Hour, Unscented, 4 Wick, Emergency, Survival, Indoor Outdoor, Tin","gender:''->'unisex' | age_group:''->'adult' | condition:''->'new'"
9516362629420,"200 Lumen LED Light Clip On Cap Hiking Camping Gear (3 Colors)","gender:''->'unisex' | age_group:''->'adult' | condition:''->'new'"
9516375277868,"Jumbo Aluminum Waterproof EDC Storage Containers with Carabiner Clip (2 Colors)","gender:''->'unisex' | age_group:''->'adult' | condition:''->'new'"
9516412109100,"100FT 7-Strand Nylon Paracord Parachute Cord","gender:''->'unisex' | age_group:''->'adult'"
9516421677356,"9 Inch Aircraft Grade Aluminum Camping Stakes Tent Pegs","gender:''->'unisex' | age_group:''->'adult' | condition:''->'new'"
9516431376684,"7 Inch Jumbo Aluminum Carabiner Hiking Cushion Grip (6 Colors)","gender:''->'unisex' | age_group:''->'adult' | condition:''->'new'"
9516465619244,"Southwest Navajo Style Mens Socks, 1 Pair, Assorted Colors, One Size Fits Most","gender:''->'unisex' | age_group:''->'adult' | condition:''->'new'"
9516488720684,"11 in 1 Stainless Steel Credit Card Multitool with Black Leather Carry Case","gender:''->'unisex' | age_group:''->'adult'"
9516520374572,"Lightweight Waterproof Dry Sack Bags with Roll Top (3 Sizes, 3 Colors)","gender:''->'unisex' | age_group:''->'adult' | condition:''->'new'"
9636602347820,"12pc Break Your Own Geodes Kit with Sledge Hammer and Safety Goggles (Assorted Size Geodes)","gender:''->'unisex' | age_group:''->'adult' | google_product_category:''->'3500'"
9652288487724,"5LB Genuine Rough Gemstone Paydirt Bags, Rocks and Minerals Collection, Sift, Sort and Find Treasure","gender:''->'unisex' | age_group:''->'adult' | condition:''->'new'"
9657604243756,"5lb Genuine Tumbled Rocks and Rough Gemstone Paydirt Kits, 14pc (2 Styles)","gender:''->'unisex' | age_group:''->'adult' | condition:''->'new'"
9712716906796,"Black Water Resistant Collapsible Backpack Camping Hiking Travel Bag","gender:''->'unisex' | age_group:''->'adult' | condition:''->'new' | google_product_category:''->'100'"
9833202319660,"Genuine Gemstone Paydirt Bags Rock Collecting (12 Rock Types)","gender:''->'unisex' | age_group:''->'adult' | condition:''->'new'"
9840455614764,"11 Inch Heavy Duty Single Riffle Gold Pans Made in USA (Three Colors)","gender:''->'unisex' | age_group:''->'adult'"
9860245946668,"9 Inch 440 Stainless Steel Recurve Full Tang Fixed Blade Knife with Sheath (4.25 Inch Blade)","gender:''->'unisex' | age_group:''->'adult' | condition:''->'new'"
9860432789804,"7 Inch Matte Black Curved Hawkbill Full Tang Fixed Blade Knife with Sheath and Lanyard (3.25 Inch Blade)","gender:''->'unisex' | age_group:''->'adult' | condition:''->'new'"
9878688170284,"8.5 Inch Full Tang Fixed Blade Survival and Hunting Tanto Knife with Sheath and Belt Loop, Black","gender:''->'unisex' | age_group:''->'adult' | condition:''->'new'"
9881939575084,"8 Inch Heavy Duty Full Tang Harpoon Point Fixed Blade Knife with Wood Handle and Belt Loop Sheath","gender:''->'unisex' | age_group:''->'adult' | condition:''->'new'"
9882392428844,"7.5 Inch Drop Point Fixed Blade Knife with Finger Hole with Spin Bearings and Sheath, Brown","gender:''->'unisex' | age_group:''->'adult' | condition:''->'new'"
9883653177644,"6.25 Inch 440 Stainless Steel Mini Clip Point Fixed Blade Pocket Knife (2 Colors)","gender:''->'unisex' | age_group:''->'adult' | condition:''->'new'"
9883932754220,"Portable Telescoping Collapsible Stool with Carry Handle Outdoor Camping Gear, Black (17.75 Inch Fully Extended)","gender:''->'unisex' | age_group:''->'adult' | condition:''->'new'"
9892036575532,"Stainless Steel Coffee Mug with Collapsible Handles Camping Essentials (2 Sizes)","gender:''->'unisex' | age_group:''->'adult' | condition:''->'new'"
9892051288364,"11.75oz Stainless Steel and Enamel Coffee Mug Camping Essentials, Classic Speckled Blue","gender:''->'unisex' | age_group:''->'adult'"
9892955554092,"16 Inch Everyday Carry Travel Tool or Duffel Bag, Black","gender:''->'unisex' | age_group:''->'adult' | condition:''->'new'"
9919285690668,"Collapsible Camping Lanterns (Black or Grey)","gender:''->'unisex' | age_group:''->'adult' | condition:''->'new'"
9930931896620,"12 Inch Full Tang Steel Axe Hatchet with Gut Hook Hex Holes Paracord Handle and Sheath, Black","gender:''->'unisex' | age_group:''->'adult'"
9978779468076,"13pc Creekside Gold Panning Kit with Drawstring Backpack and Mini Classifiers","gender:''->'unisex' | age_group:''->'adult'"
9979838169388,"7 Inch Folding Tactical Pocket Knife with Drop Point 440 Stainless Steel Blade, Black","gender:''->'unisex' | age_group:''->'adult' | condition:''->'new'"
9983056183596,"200ft High Visibility Marking Ribbon, Flagging Tape Backpacking Safety Hiking Gear (Assorted Colors)","gender:''->'unisex' | age_group:''->'adult' | condition:''->'new'"
9994170827052,"14pc Remote Adventure 30L Rucksack Gold Panning Kit with Classifier Screens (3 Colors)","gender:''->'unisex' | age_group:''->'adult' | condition:''->'new'"
10003820839212,"16pc Gold Prospecting Equipment Essentials Field Kit with Classifier Screens","gender:''->'unisex' | age_group:''->'adult' | condition:''->'new' | google_product_category:''->'1011'"
10006911058220,"20pc Complete Gold Panning Kit with 50 Inch Folding Sluice Box and 5 Gallon Bucket (3 Colors)","gender:''->'unisex' | age_group:''->'adult' | condition:''->'new'"
10006929572140,"10pc Fine Gold Recovery Pocket Prospecting Kit in Clear Waterproof Container","gender:''->'unisex' | age_group:''->'adult' | google_product_category:''->'1011'"
10013731029292,"PARALACE 550 Paracord Shoelaces for Hiking Boots and Shoes, 1 Pair (4 Colors) (5 Lengths)","gender:''->'unisex' | condition:''->'new' | google_product_category:''->'1856'"
10016120537388,"Universal Fit Survival 550 Paracord Belt with Stainless Steel Buckle, 52 inch","gender:''->'unisex' | condition:''->'new' | google_product_category:''->'187'"
10017172390188,"Full Magnesium Body Fire Starter Survival Tool with Striker","gender:'Unisex'->'unisex' | age_group:''->'adult' | condition:''->'new' | google_product_category:''->'3937'"
10027574034732,"14 Inch Metal Detecting Sand Scoop with Coin Probe (3 Colors)","gender:''->'unisex' | age_group:''->'adult' | google_product_category:''->'3937'"
10038582280492,"Orange Heavy Duty ABS Plastic Tent Stakes Ground Anchor Camping Essentials","gender:'Unisex'->'unisex' | age_group:'Adult'->'adult' | condition:'New'->'new' | google_product_category:''->'5658'"
10049578107180,"Serrated Digger Beach Combing Metal Detector Accessories Backpack Kit, 22 Piece","gender:''->'unisex' | age_group:''->'adult' | condition:''->'new' | google_product_category:''->'3937'"
10049578959148,"20pc Beach Combing Metal Detector Gold Panning Kit with Serrated Digger","gender:''->'unisex' | age_group:''->'adult' | condition:''->'new' | google_product_category:''->'1013'"
10068970799404,"304 Stainless Steel Flask Funnel Camping Gear (1-1/2 Inch Diameter with 3/8 Inch Spout)","gender:''->'unisex' | age_group:''->'adult' | condition:''->'new' | google_product_category:''->'668'"
10068971356460,"4 in 1 Hand Crank Emergency AM/FM Weather Radio, Flashlight, Power Bank, Alarm Siren for Camping Gear and Survival Kits","gender:''->'unisex' | age_group:''->'adult' | condition:''->'new'"
10068972994860,"6oz Brushed 201 Stainless Steel and Chrome Screw Top Portable Pocket Flask","gender:''->'unisex' | age_group:''->'adult' | condition:''->'new' | google_product_category:''->'1444'"
10069016609068,"8oz Brushed 201 Stainless Steel and Chrome Screw Top Portable Pocket Flask","gender:''->'unisex' | age_group:''->'adult' | condition:''->'new' | google_product_category:''->'1444'"
10069742944556,"3 Inch Locking Aluminum Carabiner Clip EDC Camping Hiking Gear (Assorted Colors)","gender:''->'unisex' | age_group:''->'adult' | condition:''->'new'"
10069756018988,"5lb Navy Blue Wool Blanket Camping Survival Gear, 64 x 84 Inches (70% Wool, 30% Synthetic)","gender:''->'unisex' | age_group:''->'adult' | condition:''->'new' | google_product_category:''->'6897'"
10069811331372,"2pc Stainless Steel Flask and Funnel Set for Hiking Camping Outdoor Gear GIft Set (2 Sizes)","gender:''->'unisex' | age_group:''->'adult' | condition:''->'new'"
10095730983212,"Compact 50 Lumens Mini Zipper Light with Keychain, Camping Hiking EDC Survival Gear","gender:''->'unisex' | age_group:''->'adult' | condition:''->'new' | google_product_category:''->'338'"
10099746996524,"Wildlife Collectors Hunting Knife with Decorative Scabbard, Sleeve and Animal Head (15 Styles)","gender:''->'unisex' | age_group:''->'adult' | condition:''->'new' | google_product_category:''->'5311'"
10099787170092,"8 Inch American Back Lock Folding Pocket Knife (2 Styles)","gender:''->'unisex' | age_group:''->'adult' | condition:''->'new'"
10099832357164,"Wild Icons Collector Fixed Blade Hunting Knife Series with Animal Head and Sheath (4 Styles)","gender:''->'unisex' | age_group:''->'adult' | condition:''->'new'"
10099850772780,"Non-Metallic Zirconia Ceramic Mini Survival Razor Blade, Wear-Resistant and Non-Dulling","gender:''->'unisex' | age_group:''->'adult' | condition:''->'new'"
10099858768172,"Mini Folding Ceramic Razor Blade Survival Tool EDC Gear","gender:''->'unisex' | age_group:''->'adult' | condition:''->'new'"
10100504035628,"Mini Logo EDC Small Pocket Knife Multitool (4 Colors)","gender:''->'unisex' | age_group:''->'adult' | condition:''->'new'"
10101810626860,"6pk Large Aluminum Carabiner Spring Clip with Keychain (3.25 Inches, Assorted Colors)","gender:''->'unisex' | age_group:''->'adult' | condition:''->'new'"
10157710999852,"Kids 8X High-Res Optics Compact Binoculars Outdoor Travel Gift with Lanyard, Blue","gender:''->'unisex' | age_group:''->'adult' | condition:''->'new'"
10158773862700,"First Aid Kit in Plastic Waterproof Case Survival Gear Emergency Preparedness Item, 50pc","gender:''->'unisex' | age_group:''->'adult' | condition:''->'new'"
10165489860908,"10 Inch Triple Riffle Gold Pan Gold Prospecting Equipment, Green","gender:''->'unisex' | age_group:''->'adult'"
10165513879852,"10 Inch Bottom Dual Riffle Gold Pan Gold Prospecting Equipment, Green","gender:''->'unisex' | age_group:''->'adult'"
10169362415916,"Dual Grit Knife Blade Sharpening Stones, 120/240 (2 Sizes)","gender:''->'unisex' | age_group:''->'adult' | condition:''->'new'"
10246630015276,"Weather Resistant Nylon Rock Hounding Equipment Tool Bag with Shoulder Strap (18 x 8.5 x 11 inches)","gender:''->'unisex' | age_group:''->'adult' | condition:''->'new'"
10246633947436,"4pc Premium Quality Aluminum Eye Loupe Set for Rock Hounding Geology Gold Prospecting (2.5X 5X 7.5X 10X)","gender:''->'unisex' | age_group:''->'adult' | condition:''->'new'"
10246636929324,"20pc Complete Aluminum Storage Container Set for Rock Hounding Gold Prospecting Gemstones Geology","gender:''->'unisex' | age_group:''->'adult' | condition:''->'new'"
10246948356396,"3000 Lumen 5-Stage Rechargeable Flashlight with Adjustable Beam and SOS Mode Camping Gear, 7.5 Inches","gender:''->'unisex' | age_group:''->'adult' | condition:''->'new'"
10246952878380,"2000 Lumen 5-Stage Rechargeable Flashlight with Adjustable Beam and SOS Mode Camping Gear, 7.5 Inches","gender:''->'unisex' | age_group:''->'adult' | condition:''->'new'"
10246957728044,"Mini Stick On LED Lights 6 Pack Battery Operated Puck Lights with Magnet and Adhesive for Camping Gear RV Tool Boxes","gender:''->'unisex' | age_group:''->'adult' | condition:''->'new'"
10251979817260,"Waterproof Pocket Notebook All Weather Field Notes Journal (50 Sheets with Pencil)","gender:''->'unisex' | age_group:''->'adult' | condition:''->'new'"
10251985387820,"Stainless Steel Signaling Mirror – Emergency Survival Mirror for Hiking, Camping & Outdoor Safety","gender:''->'unisex' | age_group:''->'adult' | condition:''->'new'"
10251991187756,"Waterproof Emergency Rain Poncho Lightweight Camping & Hiking Rain Protection (Clear, 1pk)","gender:''->'unisex' | age_group:''->'adult'"
10252002165036,"2 Person Emergency Survival Shelter Lightweight Reflective Waterproof Tent","gender:''->'unisex' | age_group:''->'adult' | condition:''->'new'"
10252005343532,"Reusable Thermal Mylar Emergency Blanket Sleeping Bag Bivvy Sack 40um Thickness","gender:''->'unisex' | age_group:''->'adult' | condition:''->'new'"
10253890748716,"5 Gallon Collapsible Water Container Portable Camping & Emergency Water Storage","gender:''->'unisex' | age_group:''->'adult' | condition:''->'new'"
10253903167788,"Natural Citronella Mosquito Repellent Bracelet Wrist Band (4 Colors)","gender:''->'unisex' | age_group:''->'adult' | condition:''->'new'"
10264366874924,"1pc Stainless Steel Gold Prospecting Carabiner Keychain, Lightweight Durable EDC Key Holder with Split Ring (2 Styles)","gender:''->'unisex' | age_group:''->'adult' | condition:''->'new'"
10314358030636,"Mosquito Net with Mounting Kit Travel Camping Essentials Outdoor Canopy, 94.5 Inches","gender:''->'unisex' | age_group:''->'adult' | condition:''->'new'"
10340913053996,"5pc Metal Detecting Tools Kit with Drawstring Backpack (3 Colors)","gender:''->'unisex' | age_group:''->'adult' | condition:''->'new'"
