Top queries,Clicks,Impressions,CTR,Position
asr outdoor,193,337,57.27%,1.56
asr gold panning kit,58,118,49.15%,1.03
asr outdoors,46,67,68.66%,1
gold panning kit,38,7309,0.52%,11.38
asroutdoor,28,41,68.29%,1
rock hounding kit,20,355,5.63%,4.25
gold panning washington state,19,576,3.3%,5.41
5 gallon bucket screen,15,384,3.91%,2.21
asr gold,15,94,15.96%,4.06
rock hounding tools,11,715,1.54%,7.81
rockhounding gear,10,181,5.52%,7.88
5 gallon bucket sifter,9,359,2.51%,2.99
rockhounding kit,9,269,3.35%,5.9
titanium ice pick,9,149,6.04%,6.89
rockhounding equipment,8,308,2.6%,9.28
rock hounding supplies,8,126,6.35%,4.92
what is rockhounding,7,1341,0.52%,7.41
asr outdoor gold panning kit,7,1045,0.67%,1
gold sluice,7,954,0.73%,11.52
classifier screens,7,407,1.72%,7.6
panning for gold in washington state,7,213,3.29%,5.67
gold prospecting equipment,6,472,1.27%,16.81
gold classifiers,6,382,1.57%,7.42
gold panning in washington state,6,230,2.61%,5.96
gold mining washington state,6,187,3.21%,7.29
asr sluice box,6,28,21.43%,1
rockhounding tools,5,588,0.85%,10.01
gold classifier,5,544,0.92%,7.65
gold panning kits,5,416,1.2%,10.21
gold panning equipment,5,414,1.21%,13.85
gold panning kit with sluice box,5,386,1.3%,5.34
bucket screen,5,368,1.36%,3.04
5 gallon bucket classifier,5,230,2.17%,2.8
rockhounding supplies,5,201,2.49%,8.84
screen for 5 gallon bucket,5,154,3.25%,4.39
gold classifier set,5,131,3.82%,6.06
paralace,5,114,4.39%,5.04
best gold panning kit,4,844,0.47%,12.48
canvas hiking backpack,4,403,0.99%,12.55
gold prospecting in washington state,4,168,2.38%,6.23
bellingham hikes,4,154,2.6%,10.07
gold and fish pamphlet 2026,4,141,2.84%,3.61
rockhounding bag,4,139,2.88%,4.55
gemstone paydirt,4,124,3.23%,12.12
asr tactical,4,107,3.74%,4.51
gemstone paydirt for sale,4,106,3.77%,7.76
asr mining,4,83,4.82%,3.9
yes,4,67,5.97%,5.18
how to start rockhounding,4,63,6.35%,7.84
rock hound gear,4,34,11.76%,6.88
30l canvas backpack,4,28,14.29%,6.54
asr products,4,9,44.44%,4.22
gold pan kit,3,569,0.53%,11.77
where to find gold in washington state,3,282,1.06%,6.85
gold panning classifier,3,277,1.08%,7.51
folding sluice box,3,200,1.5%,9.46
rock hounding equipment,3,140,2.14%,8.67
gold panning permit washington state,3,109,2.75%,2.28
rock hounding gear,3,96,3.12%,7.12
washington state gold panning,3,89,3.37%,5.55
rock collecting for beginners,3,71,4.23%,6.15
rock hound tools,3,70,4.29%,10.57
rockhounding kit for adults,3,63,4.76%,7.03
rock hunting supplies,3,56,5.36%,4.61
washington gold panning,3,53,5.66%,6.57
paydirt gemstones,3,44,6.82%,7.95
gold prospecting backpack,3,37,8.11%,7.43
rockhounding tips,3,31,9.68%,6.87
stackable sifting screens,3,29,10.34%,4.97
rockhounding guide,3,28,10.71%,9.07
prospecting equipment,2,2014,0.1%,13.81
sluice box for gold,2,1526,0.13%,9.3
gold sluice box,2,1340,0.15%,10.9
metal detecting accessories,2,1139,0.18%,18.72
best gold panning kit for beginners,2,837,0.24%,11.85
geology kit,2,587,0.34%,5.96
what is rock hounding,2,575,0.35%,6.5
mining hammer,2,529,0.38%,3.08
bucket sifter,2,361,0.55%,4.46
rock hounding,2,252,0.79%,7.96
gold panning set,2,246,0.81%,8.54
classifier for gold panning,2,218,0.92%,8.37
rivers with gold in washington state,2,215,0.93%,7.95
bucket classifier,2,183,1.09%,5.8
bucket screens,2,173,1.16%,7.07
gold sluice box for sale,2,168,1.19%,11.88
rockhounding for beginners,2,164,1.22%,8.36
gold pan classifier,2,157,1.27%,7.2
gold kits,2,148,1.35%,7.22
rock classifier,2,136,1.47%,4.22
gold and fish pamphlet,2,128,1.56%,6.3
asr store,2,125,1.6%,6.33
where to pan for gold in washington state,2,107,1.87%,5.47
rock hunting kit,2,104,1.92%,6.29
rockhounding backpack,2,104,1.92%,8.1
rock mining kit,2,99,2.02%,12.17
gold pan and classifier,2,95,2.11%,5.6
rockhound kit,2,86,2.33%,5.52
geology kit for adults,2,84,2.38%,6.1
gold and fish pamphlet washington state,2,82,2.44%,4.79
rock guide,2,79,2.53%,9.71
asr backpack,2,75,2.67%,3.25
gold panning backpack,2,75,2.67%,9.01
gold panning screens,2,69,2.9%,4.71
gold panning classifiers,2,69,2.9%,7.52
panning for gold kit,2,68,2.94%,12.12
gold panning in washington,2,67,2.99%,6.97
rock hound equipment,2,66,3.03%,9
washington state gold panning laws,2,62,3.23%,1.87
asr equipment,2,62,3.23%,8.73
paydirt gold,2,60,3.33%,22.22
can you pan for gold in washington state,2,58,3.45%,3.72
washington gold and fish pamphlet,2,58,3.45%,4.97
prospecting classifier,2,57,3.51%,6.61
panning screen,2,52,3.85%,5.48
asr shop,2,49,4.08%,4.96
sluice box gold,2,45,4.44%,12.96
panning for gold washington state,2,40,5%,9.15
gold prospecting equipment for sale,2,40,5%,18.05
ars outdoor,2,34,5.88%,6
outdoor edc gear,2,34,5.88%,6.65
gem pay dirt,2,33,6.06%,7.55
asr camping,2,31,6.45%,8.06
outdoor canvas backpack,2,26,7.69%,12.73
1/4 classifier,2,25,8%,3.6
outdoor edc,2,21,9.52%,8.76
outdoor equipment edc,2,11,18.18%,7
edc outdoor clip,2,8,25%,8.25
sluice box,1,3027,0.03%,12.69
miners moss,1,1084,0.09%,19.29
gold panning tools,1,806,0.12%,10.11
gold mining equipment,1,398,0.25%,23.15
sluice box matting,1,243,0.41%,17.18
asr outdoor deluxe geology rock hounding kit,1,228,0.44%,1
gold prospecting kit,1,225,0.44%,10.68
sluice box for sale,1,220,0.45%,12.77
marking ribbon,1,206,0.49%,5.55
prospecting kit,1,203,0.49%,15.27
small sluice box,1,188,0.53%,8.93
miners moss sluice box matting,1,187,0.53%,4.79
rockhound equipment,1,176,0.57%,10.21
"24pc deluxe 50 inch aluminum folding sluice box gold panning kit with 30l 
backpack",1,169,0.59%,1
finding rocks,1,169,0.59%,5.79
gold equipment,1,166,0.6%,18.76
portable sluice box,1,158,0.63%,12.41
rock hunting tools,1,157,0.64%,10.15
prospecting gear,1,155,0.65%,24.46
backpack sluice box,1,151,0.66%,9.88
gold sluice mat,1,140,0.71%,7.74
geology set,1,137,0.73%,5.2
gold panning kit with paydirt,1,136,0.74%,6.97
gold mining in washington state,1,136,0.74%,7.76
what to look for when rockhounding,1,135,0.74%,4.51
hikes near bellingham,1,132,0.76%,11.33
rock finding,1,130,0.77%,7.38
gold pan set,1,120,0.83%,12.15
gold panning starter kit,1,119,0.84%,11.47
hikes in bellingham,1,112,0.89%,10.08
gold mines in washington state,1,111,0.9%,9.38
sifter for 5 gallon bucket,1,108,0.93%,5.11
gem mining tools,1,108,0.93%,10.06
gold sifter pan,1,106,0.94%,12.25
gold panning washington,1,101,0.99%,7.03
fine gold recovery equipment,1,101,0.99%,17.65
geode breaking kit,1,99,1.01%,11.44
classifiers for gold,1,98,1.02%,6.99
gold pans,1,98,1.02%,15.08
oyster dome hike difficulty,1,97,1.03%,5.72
gold sluice boxes,1,97,1.03%,12.77
product,1,95,1.05%,1
best hikes near bellingham,1,92,1.09%,9.07
aluminum sluice box,1,90,1.11%,8.17
rock hounding bag,1,89,1.12%,5.43
gold prospecting classifier,1,89,1.12%,12.38
hikes bellingham,1,88,1.14%,11.16
gold pan kits,1,87,1.15%,10.77
classifying screens,1,87,1.15%,14.32
soil sifter for 5 gallon bucket,1,86,1.16%,5.09
gold panning gear,1,85,1.18%,12.61
gold screens,1,82,1.22%,6.7
washington gold panning laws,1,81,1.23%,2.98
oyster dome trail,1,80,1.25%,17.66
best places to pan for gold in washington state,1,79,1.27%,4.51
asr blade,1,77,1.3%,7.03
metal detectors accessories,1,76,1.32%,24.95
best places to find gold in washington state,1,75,1.33%,5.79
mini sluice box,1,75,1.33%,13.6
gold sluice kit,1,74,1.35%,12.53
rock hunting gear,1,73,1.37%,8.55
asr,1,71,1.41%,8.49
geology tool kit,1,70,1.43%,12.01
gold prospecting kits,1,70,1.43%,12.66
rock mining tools,1,68,1.47%,11.43
garden trowel with serrated edge,1,67,1.49%,4.69
sluice mat,1,66,1.52%,11.52
gold panning accessories,1,66,1.52%,12.86
gold panning sieve,1,61,1.64%,8.82
rock collecting kit,1,60,1.67%,10.2
where can i find gold in washington state,1,59,1.69%,6.92
gold panning sluice box,1,59,1.69%,15.93
gold classifier for 5 gallon bucket,1,55,1.82%,4.65
best hikes bellingham,1,53,1.89%,6.96
gold washington,1,52,1.92%,10.13
mine hammer,1,51,1.96%,2.37
fine gold recovery,1,51,1.96%,23.65
outdoor knives,1,51,1.96%,40.92
where can you pan for gold in washington state,1,50,2%,5.14
fish and gold pamphlet,1,50,2%,6.14
easy hikes bellingham,1,50,2%,8.72
gem paydirt,1,50,2%,12.36
mini sluice box for gold,1,47,2.13%,6.89
5 gallon bucket gold classifier,1,46,2.17%,2.3
magnetic black sand separator,1,46,2.17%,11
gold prospecting washington,1,45,2.22%,5.27
sieve for 5 gallon bucket,1,45,2.22%,6.51
sluice mat for gold,1,45,2.22%,7.78
pocket sluice box,1,45,2.22%,10.16
professional gold panning kit,1,45,2.22%,10.82
gold scoop,1,45,2.22%,25.76
what is rock hounding?,1,44,2.27%,4.91
bucket sluice,1,42,2.38%,9.36
best hikes in bellingham,1,42,2.38%,9.81
rock digging tools,1,41,2.44%,10.66
best bellingham hikes,1,41,2.44%,12.15
kids gold panning kit,1,40,2.5%,4.75
best rockhounding tools,1,38,2.63%,7.53
gold panning shovel,1,38,2.63%,7.74
washington state gold prospecting,1,38,2.63%,8.61
how to rock hound,1,38,2.63%,9.29
washington state gold mines,1,37,2.7%,10.35
prospecting store,1,37,2.7%,11.03
geology equipment,1,37,2.7%,31.43
gold mining supplies,1,35,2.86%,25.54
washington gold,1,33,3.03%,16
geode hunting tools,1,32,3.12%,6.66
rock hammer,1,31,3.23%,35.39
rockhound tool,1,30,3.33%,12.97
rock hounding tool kit,1,29,3.45%,6.93
classifier for 5 gallon bucket,1,29,3.45%,7.03
5 gallon bucket rock sifter,1,28,3.57%,2.21
gold prospecting washington state,1,27,3.7%,5.15
places to pan for gold in washington state,1,27,3.7%,6.04
washington gold mining,1,27,3.7%,7.07
define rockhounding,1,26,3.85%,8.69
gold prospecting store,1,26,3.85%,12.73
basic rockhounding and prospecting,1,26,3.85%,18.69
oyster dome hike time,1,25,4%,6.16
gem hunting tools,1,25,4%,17.12
kids gold mining kit,1,23,4.35%,6.48
where is it legal to pan for gold,1,22,4.55%,1.45
sluice bucket,1,22,4.55%,9.23
sluice mats for gold,1,21,4.76%,8.24
what to look for when rock hunting,1,21,4.76%,8.43
building a survival kit,1,21,4.76%,8.48
rockhounding supplies near me,1,21,4.76%,11.38
sluice matting,1,20,5%,20.2
screen for bucket,1,19,5.26%,8.05
gold panning for sale,1,19,5.26%,13.63
mini sluice,1,19,5.26%,15.68
sifting screen,1,18,5.56%,7
gem mining equipment,1,18,5.56%,8.89
11 piece gold panning kit,1,18,5.56%,9
gold panning paydirt,1,18,5.56%,10.06
thermal mat camping,1,18,5.56%,13.39
prospecting stores,1,18,5.56%,17.11
10 inch gold pan,1,17,5.88%,8.06
gold sluice box portable,1,17,5.88%,8.76
wildlife collection knife,1,17,5.88%,11.59
columbia river gold panning,1,16,6.25%,6.81
ice pick edc,1,16,6.25%,10.56
gold prospecting shops,1,16,6.25%,14.19
serrated garden trowel,1,16,6.25%,16.88
serrated edge garden trowel,1,15,6.67%,8.8
washington state gold and fish pamphlet 2025,1,14,7.14%,1.93
guaranteed gold paydirt,1,14,7.14%,13.5
complete gold mining kit,1,13,7.69%,8.69
gold mining kit for beginners,1,13,7.69%,9.92
river sluice,1,13,7.69%,24.77
ice pick,1,11,9.09%,2
magnetic separator gold mining,1,11,9.09%,10.09
gold matting,1,11,9.09%,13.91
gold classifier screens,1,10,10%,6.1
best place to pan for gold,1,10,10%,46.9
how to start rock collecting,1,9,11.11%,9.11
hiking bellingham,1,8,12.5%,13
washington state gold rush,1,8,12.5%,14.25
good places to pan for gold,1,8,12.5%,35.38
where to go gold panning near me,1,7,14.29%,13.29
how to find cool rocks,1,7,14.29%,18.57
prospecting equipment for sale,1,7,14.29%,23
gold mining license,1,6,16.67%,14.33
used prospecting equipment,1,6,16.67%,20.17
hiking edc,1,6,16.67%,39.17
gold panning yukon,1,5,20%,1
stackable classifier screens,1,5,20%,1.4
recurve fixed blade,1,5,20%,3.8
rockhounding shovel,1,5,20%,9.4
public gold prospecting near me,1,4,25%,3.5
best sluice box riffle design,1,3,33.33%,2.67
how can gold panning be a self-sustaining hobby?,1,3,33.33%,5.33
new survival gear,1,3,33.33%,5.33
panning near me,1,3,33.33%,6
30 liter rucksack,1,3,33.33%,11.67
swauk creek,1,3,33.33%,22.67
screw in tent stakes,1,2,50%,1
excavation kit for adults,1,2,50%,5.5
gold prospecting hand tools,1,2,50%,13
gold prospecting clubs near me,1,2,50%,15.5
miners pick,1,2,50%,30.5
camping hatchet hammer,1,1,100%,1
collapsible stool,1,1,100%,1
ice pick tool,1,1,100%,1
outdoor stores near me,1,1,100%,1
what bag is this,1,1,100%,1
where can you go mining for gold,1,1,100%,1
where to hunt for geodes near me,1,1,100%,1
coarse screen,1,1,100%,2
rock hammer near me,1,1,100%,2
aluminium tent stakes,1,1,100%,4
cheapest one,1,1,100%,4
insulated camping mats,1,1,100%,4
not thick enough,1,1,100%,4
wide mouth funnel for sand,1,1,100%,4
shoelaces for hiking boots,1,1,100%,5
what type of magnet,1,1,100%,5
survival kits,1,1,100%,6
professional geology kit,1,1,100%,8
砂金石,1,1,100%,9
water proof box,1,1,100%,11
картинку надо,1,1,100%,11
xp gold pan starter kit,1,1,100%,56
"asr outdoor waterproof adventure writing journal smudgeproof personal 
notebook",0,27133,0%,1
best gold panning kit with sluice box,0,9612,0%,9.02
best gold panning kit for starting out,0,9029,0%,12.23
best gold panning kit for starting outdoors,0,2456,0%,11.33
metal detector accessories,0,2393,0%,39.22
geology kits,0,1848,0%,9.48
asr outdoor carbon steel hammer with tent stakes puller,0,1369,0%,1
asr outdoor waterproof adventure writing journal,0,1338,0%,1
black sand separation,0,1097,0%,1.3
servicing tools for gold prospecting,0,1000,0%,8.69
asr 10 in 1 compact camping hiking survival kit,0,963,0%,1
best gold panning kit for starting outdoor,0,936,0%,10.81
reflective pad,0,929,0%,27.96
asr outdoor gold pan gold prospecting beginners kit,0,818,0%,1
thermal mat,0,632,0%,9.94
prospecting shovel,0,565,0%,8.26
gold rush tools,0,565,0%,10.76
shoulder tool bag,0,564,0%,9.9
gold prospecting tools,0,556,0%,12.54
sluice boxes,0,551,0%,10.2
rock pick,0,537,0%,17.15
gold sifter,0,526,0%,8.84
natural citronella mosquito repellent bracelet wrist band,0,491,0%,1
geology tips for outdoor enthusiasts,0,477,0%,5.64
recurve blade,0,433,0%,5.31
asr outdoor beginner geology fossils rock hounding gem mining kit,0,428,0%,1
asr outdoor deluxe geology gem mining rockhounding tools kit,0,417,0%,1
"asr outdoor gold panning 1/20 classifier screen sifting pan prospecting 
mesh sieve",0,405,0%,1
mining kit,0,341,0%,7.4
asr outdoor portable telescoping collapsible stool with carry handle,0,335,0%,1
asr outdoor portable toilet seat with lid,0,325,0%,1
17pc complete backpack sluice box panning kit,0,318,0%,1
gold kit,0,317,0%,11.59
asr outdoor and pan for gold with bobby bo guaranteed gold paydirt bags,0,316,0%,1
rock chisel set,0,288,0%,7.45
gold panning supplies,0,285,0%,10.73
asr outdoor ultimate gold panning kit,0,278,0%,1
plastic camping cutlery,0,271,0%,17.06
metal detecting tools,0,261,0%,19.22
gold in washington state,0,259,0%,8.53
asr outdoor thermal mat,0,251,0%,1
drawstring bag hiking,0,242,0%,16.81
miners moss for sale,0,241,0%,10.34
hook axe,0,237,0%,1
plastic camping utensils,0,226,0%,13.16
asr outdoor rock pick masonry hammer,0,224,0%,1
hammer mining,0,224,0%,4.52
riffled,0,223,0%,17.36
sluice,0,222,0%,12.63
geology equipment for beginners,0,213,0%,4.54
rock hound,0,210,0%,17.67
plastic camping cutlery set,0,203,0%,12.61
best sluice box for recreational gold mining,0,201,0%,11.2
asr outdoor deep stacking classifier sifting screens,0,199,0%,1
geology equipment for outdoor enthusiasts,0,196,0%,7.91
kids survival outdoor camping multi tool whistle compass led flashlight,0,191,0%,1
gold sleuth box,0,190,0%,7.73
best gold panning kit for starting out in california,0,190,0%,9.99
metal detector accessories kit,0,189,0%,13.4
carabiner vs storage containers,0,185,0%,4.62
gold prospecting supplies,0,184,0%,17.15
oyster dome,0,180,0%,12.58
prospector tools,0,179,0%,18.63
storage containers vs carabiner,0,175,0%,5.64
prospectors hammer,0,175,0%,12.49
5lb navy blue wool camping survival gear blanket,0,172,0%,1
mining kits,0,172,0%,11.94
classifier gold panning,0,170,0%,8.7
river sluice box,0,170,0%,10.65
classifying screen,0,168,0%,15.3
gold prospecting equipment classifier screen & bucket,0,167,0%,1
citronella bracelet,0,167,0%,13.28
is there gold in washington state,0,162,0%,9.96
geology equipment for couples,0,160,0%,10.64
gold mining kit,0,160,0%,11.51
classifier screeners,0,155,0%,7.61
asr outdoor portable telescoping collapsible stool,0,148,0%,1
gold shovel,0,147,0%,10.17
gold recovery equipment,0,147,0%,22.33
collapsible lanterns,0,146,0%,10.86
best gold panning kit for starting out in colorado,0,144,0%,11.98
metal detecting equipment,0,139,0%,23.57
asr outdoor magnetic separator pick up tool,0,136,0%,1
panning kit,0,134,0%,15.13
gold pan,0,131,0%,6.06
rockhounding tools for beginners,0,129,0%,10.09
panning tools,0,129,0%,12.36
gold prospecting accessories,0,129,0%,17.03
basic survival gear,0,129,0%,32.24
black sand separator,0,128,0%,4.71
asr outdoor aluminum sluice box,0,127,0%,1
asr outdoor gold prospecting kit,0,127,0%,1
geologist tools,0,125,0%,23.52
"asr 50"" gold folding sluice box",0,122,0%,1
traditional 16pc sluice box finishing panning kit,0,122,0%,1
gold panning sifter,0,120,0%,9.25
top portable equipment for gold prospecting fieldwork,0,119,0%,9.77
rock collecting tools,0,119,0%,10.44
best sluice box for recreational gold mining company,0,115,0%,1.21
finding rock,0,115,0%,7.7
geologist kit,0,115,0%,7.82
gold mining kits,0,113,0%,10.46
asr outdoor 400lb neodymium magnet fishing kit,0,112,0%,1
what’s the top portable equipment for gold fieldwork?,0,110,0%,6.17
gold panning,0,109,0%,1.61
5 gallon bucket classifier metal,0,109,0%,6.84
mining set,0,108,0%,9.67
3 inch carabiner,0,107,0%,17.36
"4 in 1 hand crank emergency am/fm weather radio flashlight power bank alarm 
siren camping gear",0,105,0%,1
best gold panning kit for starting outside,0,105,0%,10.39
rock pick hammer,0,105,0%,14.55
prospecting gear for outdoor adventures,0,104,0%,10.43
shovels prospecting,0,104,0%,10.85
sluce box,0,103,0%,10.07
sluice box kit,0,103,0%,11.23
plastic sifting screen,0,102,0%,7.58
gold panning tutorial,0,102,0%,9.62
basic survival needs,0,102,0%,23.33
geology equipment for seniors,0,101,0%,10.84
hiking canvas backpack,0,101,0%,17.92
rock chiseling,0,101,0%,26.94
miners hammer,0,100,0%,4.24
what is a sluice box,0,100,0%,12.64
where can i buy prospecting equipment for remote areas?,0,99,0%,6.21
geology equipment for new dads,0,99,0%,7.37
sifter for gold,0,99,0%,10.28
gold finding equipment,0,99,0%,18.97
prospector hammer,0,98,0%,6.27
plastic sluice box,0,95,0%,9.72
serrated edge trowel,0,94,0%,9.16
gold pan sifter,0,94,0%,11.6
best gold pan,0,94,0%,16.16
geology tools,0,94,0%,19.02
bucket of gold,0,93,0%,10.85
confluence havasupai,0,93,0%,16.86
portable gold panning kit,0,92,0%,11.7
asr outdoor complete fine gold recovery kit,0,91,0%,1
tools for rockhounding,0,91,0%,13.11
best sluice box for recreational gold mining equipment,0,90,0%,1.3
gold sluice box kit,0,90,0%,10.87
small gold mining equipment,0,90,0%,25.71
panning for gold,0,89,0%,1.28
best gold panning kit for starting out in alaska,0,89,0%,12.93
prospecting equipments,0,88,0%,8.03
rockhound supplies,0,88,0%,11.81
portable gold mining equipment,0,88,0%,15.58
rock and chisel,0,88,0%,19.17
asr outdoor 21pc gold prospecting kit,0,87,0%,1.34
how to use a sluice box,0,87,0%,7.79
gold sifting kit,0,87,0%,11.98
asr outdoor 22pc backpack kit,0,86,0%,1
asr outdoor gold panning backpack kit,0,86,0%,1
gold finding tools,0,86,0%,7.9
gold sieve,0,86,0%,10.81
how to reserve campground in havasupai,0,86,0%,42.1
asr outdoor metal detector accessories kit,0,85,0%,1
geode cracking kit,0,85,0%,9.41
paralace 550 paracord shoelaces,0,83,0%,1
gold panning techniques australia,0,83,0%,2.54
portable gold prospecting equipment for travel,0,83,0%,15.04
oyster dome hike,0,83,0%,21.14
drawstring backpack hiking,0,82,0%,23.44
where to find prospecting tools?,0,81,0%,5.65
best gold panning kit for starting out in florida,0,81,0%,12.91
how to build a survival kit,0,81,0%,15.28
gold prospecting gear for remote locations,0,81,0%,17.74
asr outdoor rubber riffled sluice box matting,0,80,0%,1
gold panning near me,0,80,0%,4.81
wdfw gold and fish pamphlet,0,80,0%,6.01
recreational gold mining equipment,0,80,0%,9.16
sluice gold,0,80,0%,11.85
portable gold sluice box,0,80,0%,13.5
gold recovery kit,0,80,0%,15.64
sluice box design pdf,0,79,0%,1.43
gold panning kit for sale,0,79,0%,11.25
best gold panning locations near me,0,78,0%,9.06
prospecting hammer,0,78,0%,9.38
classifier screen,0,77,0%,3.27
rock chisel kit,0,77,0%,5.86
gold panning for kids,0,77,0%,8.27
dirt classifier,0,77,0%,8.48
gold prospecting gear for adventurers,0,77,0%,11.31
edc gear,0,77,0%,52.75
basic survival kit,0,76,0%,35.49
asr 10l gold collapsible silicone panning bucket,0,75,0%,1
heavy canvas backpack,0,75,0%,9.49
beginner gold prospecting kit,0,75,0%,15.52
prospecting pickaxe,0,74,0%,5.95
where to buy rockhounding tools,0,74,0%,10.45
rockhound,0,74,0%,34.35
gold panning techniques,0,73,0%,2.47
gold dredging laws and regulations,0,73,0%,7.4
essential gold prospecting gear,0,73,0%,15.29
gold sluices,0,72,0%,13.62
gold mining pickaxe,0,71,0%,5.82
heavy duty galvanized carbon steel tent stakes,0,69,0%,1
geology equipment for teens,0,69,0%,7.59
sluice boxes for gold,0,68,0%,11.31
gold mining equipment for sale,0,68,0%,29
rock breaking kit,0,67,0%,8.01
gold deposits in washington state,0,67,0%,9.46
gold sluice mats,0,67,0%,9.57
gold panning kit for beginners,0,67,0%,10.61
asr outdoor 10 in 1 compact camping hiking survival kit,0,66,0%,1
asr outdoor survival hatchet,0,66,0%,1.05
rock collecting bag,0,66,0%,10.21
hiking carabiner,0,66,0%,10.41
gold sluce,0,66,0%,12.21
miner's moss,0,65,0%,4.95
metal detector tools,0,65,0%,32.05
asr outdoor elastic shock cord,0,64,0%,1
minors moss,0,64,0%,7.22
geology equipment for back sleepers,0,64,0%,10.41
how much is a gold pan,0,64,0%,11.14
gold sluice matting,0,64,0%,18.83
metal detector equipment,0,64,0%,22.34
sluice pan,0,63,0%,10.59
chisel for geodes,0,63,0%,10.67
panning sluice,0,63,0%,13.41
edge digger tool,0,63,0%,13.76
how to find rocks,0,62,0%,7.23
foldable sluice box,0,62,0%,8.21
gold sifters,0,62,0%,12.87
metal detector tools and equipment,0,62,0%,19.26
find rock,0,61,0%,8
gold washington state,0,61,0%,8.82
geology tips for beginners,0,60,0%,4.1
outdoor gold mining supplies,0,60,0%,8.68
where to find gold in washington,0,60,0%,9.68
agate hunting tools,0,60,0%,11.5
mining sifter,0,60,0%,17.68
hooked axe,0,59,0%,1.17
navy blue wool blanket,0,59,0%,4.92
geode hammer,0,59,0%,12.2
gold sifting pan,0,59,0%,14.81
rock hound kit,0,58,0%,6.07
miner moss,0,58,0%,10.31
gold prospecting gear for rv adventures,0,58,0%,10.47
asr outdoor sluice box with gold prospecting kit,0,57,0%,1
silver pickaxe,0,57,0%,6.02
rockhounding chisel,0,57,0%,6.47
miners mat,0,57,0%,9.16
gold mining tools,0,57,0%,17.53
rock tools,0,57,0%,53.18
gold portable backpack panning sluice box,0,56,0%,1
fall gold prospecting season,0,56,0%,6.16
gold and fish,0,56,0%,6.46
rock hammering,0,56,0%,6.68
portable gold classifiers for efficient prospecting,0,56,0%,11.73
gold pan equipment,0,56,0%,13.38
affordable gold panning kits for new prospectors,0,56,0%,14.68
what to bring on a gold panning expedition,0,56,0%,21.05
5 gallon collapsible bucket,0,56,0%,44.09
genuine gemstone paydirt bags rock collecting,0,55,0%,1
where can you find gold in washington state,0,55,0%,7.85
rock finding kit,0,55,0%,8.58
black sand separator pen,0,55,0%,9.27
best hikes near bellingham wa,0,55,0%,10.55
prospecting supply,0,55,0%,10.78
survivalist gear,0,55,0%,22.25
gold mining gear,0,55,0%,23.22
asr outdoor official website,0,54,0%,1
gold mining kit for kids,0,54,0%,6.31
bobbybo,0,54,0%,8.37
best camping gear for beginners checklist,0,54,0%,10.43
rock chisels,0,54,0%,13.33
gold panning sluice,0,54,0%,17.83
asr detect kit,0,54,0%,19.3
gold pans for sale,0,54,0%,19.61
asr outdoor portable gold panning kit,0,53,0%,1
rockhound tools,0,53,0%,13.92
gold bucket,0,53,0%,19.92
14pc remote adventure 30l rucksack,0,52,0%,1
asr outdoor 30l heavy stitch gold panning backpack camping canvas rucksack,0,52,0%,1
prospector pickaxe,0,52,0%,6.19
miner moss mat,0,52,0%,6.73
geology equipment for women,0,52,0%,11.5
gold panning kits for sale,0,52,0%,12.5
confluence hike havasupai,0,51,0%,3.37
creekside gold,0,51,0%,9.2
find rocks,0,51,0%,10.31
gold digging kit,0,51,0%,11.75
prospecting supplies,0,51,0%,14.12
gold search equipment,0,51,0%,19.29
2 person emergency survival shelter,0,50,0%,1
camping essentials coffee mug,0,50,0%,1
classification screens,0,50,0%,4.64
gold panning bucket,0,50,0%,6.2
pan for gold washington state,0,50,0%,10.1
stocking stuffers for outdoor enthusiast,0,50,0%,10.3
havasupai campground,0,50,0%,33.56
waterproof notebook,0,50,0%,57.94
recreational gold mining near me,0,49,0%,6.16
gold prospecting shovel,0,49,0%,8.31
gold sifting pans,0,49,0%,10.84
pocket sluice,0,49,0%,12.92
panning equipment,0,49,0%,18.12
gold panning classifier screens,0,48,0%,4.4
reflective mat,0,48,0%,5.81
classifier gold,0,48,0%,7.12
washington state gold,0,48,0%,8
equipment for gold panning,0,48,0%,13.21
archer pink 10 inch gold pan,0,48,0%,16.65
how to make a survival kit,0,48,0%,24.04
geology chisel,0,47,0%,3.7
gold catching mats,0,47,0%,4.17
tools for gold panning,0,47,0%,8.7
geology equipment for retirees,0,47,0%,9.47
best gold panning kit for starting output,0,47,0%,10.34
gold mining sifter,0,47,0%,10.6
portable sluice boxes,0,47,0%,10.98
survival kit,0,47,0%,28.83
oyster dome chuckanut drive access,0,46,0%,8.93
classifiers for gold panning,0,46,0%,12.41
rockhounding,0,46,0%,16
gold recovery equipment for fine gold,0,46,0%,18.28
gold prospecting products,0,46,0%,24.59
pick hammer,0,46,0%,29.26
geology equipment for vegans,0,45,0%,5.22
geology equipment for single parents,0,45,0%,7.62
5 gallon bucket sieve,0,45,0%,8.31
best places to buy prospecting equipment for remote areas,0,45,0%,8.73
small gold sluice,0,45,0%,8.93
hikes in bellingham wa,0,45,0%,11.44
trail marking ribbon,0,45,0%,31.8
best gold panning kit reddit,0,44,0%,2.86
panning for gold near me,0,44,0%,4.89
mining hammers,0,44,0%,10.25
gold panning equipment for sale,0,44,0%,13.61
havasupai confluence,0,44,0%,19.68
9 inch blade,0,43,0%,2.67
rock digging,0,43,0%,7.42
where to find rocks,0,43,0%,8.37
geology equipment for pet owners,0,43,0%,9.51
gold paning kit,0,43,0%,9.77
gold in washington,0,43,0%,11.53
where to find rock,0,42,0%,8.29
what is miners moss,0,42,0%,8.36
can you find gold in washington state,0,42,0%,8.55
sluice for gold,0,42,0%,10
small gold sluice box,0,42,0%,10.81
where to buy gold prospecting supplies online,0,42,0%,16.17
metal detecting trowel,0,42,0%,27.24
asr outdoor water bottle holder,0,41,0%,1
recurve blade knife,0,41,0%,4.59
most durable edc gear for outdoor enthusiasts,0,41,0%,5.46
gold classifier screen sizes,0,41,0%,5.61
backpack sluice,0,41,0%,10.46
geology equipment for side sleepers,0,41,0%,11.44
sluice box mat,0,41,0%,11.85
what’s the best kit for small-scale gold hunting?,0,41,0%,12.85
rockhounding tools near me,0,41,0%,13.34
orange stakes,0,41,0%,15.68
best gold prospecting equipment for beginners,0,41,0%,18.49
us survival tools market,0,41,0%,65.95
asr outdoor folding sluice box for gold prospecting backpack kit,0,40,0%,1
top portable equipment for gold fieldwork,0,40,0%,3.75
gold panning kit for kids,0,40,0%,6.9
rock hound supplies,0,40,0%,9.65
screen classifier,0,40,0%,9.9
sluice box sale,0,40,0%,11.72
gold box sluice,0,40,0%,12.55
prospecting tools gold,0,40,0%,19.07
magnet separator tool,0,40,0%,19.98
camping safety & survival equipment,0,40,0%,31.18
mineral hammer,0,39,0%,3.21
what is rock hunting,0,39,0%,6.18
rock find,0,39,0%,7.31
rockhounding tools and equipment,0,39,0%,8.18
gold wa,0,39,0%,9.15
gold mining in washington,0,39,0%,9.46
geologist tool kit,0,39,0%,9.54
pickaxe gold rush,0,39,0%,10.64
flask with funnel,0,39,0%,11.67
edge digger,0,39,0%,12.1
camping in havasupai,0,39,0%,17.67
asr outdoor aluminum multi-color carabiner spring clip keychain,0,38,0%,1
miner hammer,0,38,0%,2.53
aluminum portable storage containers,0,38,0%,4.03
trowel with serrated edge,0,38,0%,5.71
finding gold in washington state,0,38,0%,5.92
what extras can make a survival kit more useful for outdoor adventures?,0,38,0%,5.97
rock houding,0,38,0%,6.21
prospectors tool,0,38,0%,6.45
how to geology for outdoor enthusiasts,0,38,0%,8.16
gold digging shovel,0,38,0%,8.55
orange tent stakes,0,38,0%,11.97
gold prospecting tools for small-scale miners,0,38,0%,15.05
"asr outdoor fire starter micro ceramic ferro rod striker create sparks 
emergency survival tool",0,37,0%,1
gold panning locations washington state,0,37,0%,3.81
outdoor enthusiast stocking stuffer,0,37,0%,7.08
gold prospecting tool,0,37,0%,7.35
washington state gold mining,0,37,0%,7.35
hikes around bellingham,0,37,0%,8.14
gold dredging laws and rules,0,37,0%,9.24
thermal sleeping mat,0,37,0%,16.3
metal detecting tools and accessories,0,37,0%,18.59
gold prospecting pans,0,37,0%,20.03
tools for gold prospecting,0,37,0%,21.16
"2pc stainless steel flask and funnel set for hiking camping outdoor gear 
gift set",0,36,0%,1
where are rocks found,0,36,0%,1.06
zipper light,0,36,0%,5.64
hatchet hook,0,36,0%,5.78
top gifts for hikers campers adventurers 2025,0,36,0%,6.47
where can i pan for gold in washington state,0,36,0%,7.25
rock collecting supplies,0,36,0%,9.78
paydirt gold panning,0,36,0%,11.58
sluice box for gold panning,0,36,0%,13.11
surival gear,0,36,0%,23.28
survival gear,0,36,0%,41.81
"""coclassifier"" biset",0,35,0%,3.97
geology equipment for grandparents,0,35,0%,4.66
"""coclassifier"" ""biset""",0,35,0%,5.17
chisel and rock,0,35,0%,7.74
sifter bucket,0,35,0%,7.89
gold panning tool,0,35,0%,8.74
panning for gold in washington,0,35,0%,9.14
gold rush tool,0,35,0%,11.17
gold sifting equipment,0,35,0%,15.51
panning gold equipment,0,35,0%,19.11
gold prospecting gear,0,35,0%,19.14
"""asr outdoor"" ""21pc"" site:asroutdoor.com",0,34,0%,1
mini prospector harga,0,34,0%,8.06
bucketgold,0,34,0%,8.18
gold dredging laws and regulations by state,0,34,0%,8.24
bucket classifier gold,0,34,0%,8.91
panning kit for gold,0,34,0%,9.65
tools for the gold rush,0,34,0%,10
beginner gold panning kit,0,34,0%,11.24
gold pan sluice box,0,34,0%,11.62
sluice box gold panning,0,34,0%,12.53
paydirt for gold panning,0,34,0%,14.03
minersmoss,0,34,0%,18.91
break your own geodes for sale,0,34,0%,19.09
5 gallon bucket screen strainer,0,33,0%,3.33
classifier set,0,33,0%,6.39
gold mats for sluice,0,33,0%,6.55
rock hunting equipment,0,33,0%,6.61
how to start gold panning,0,33,0%,8.33
sifter gold,0,33,0%,9.67
geology equipment for heavy sleepers,0,33,0%,10.39
sloosh box,0,33,0%,11.06
best gold panning kit for starting out in texas,0,33,0%,11.88
portable gold sluice,0,33,0%,15.73
gold panning permit,0,33,0%,17.88
gold panning equipment near me,0,33,0%,21.58
"asr outdoor portable telescoping collapsible stool with carry handle 
outdoor camping gear",0,32,0%,1
where do we find rocks,0,32,0%,1
9 inch blade knife,0,32,0%,4.03
panning kits,0,32,0%,5.47
backpack gold sluice,0,32,0%,8.81
is it where can i buy prospecting equipment for remote areas?,0,32,0%,9.28
geology equipment for youtubers,0,32,0%,9.91
sluice box gold mining,0,32,0%,10.62
gold panning kit beginner,0,32,0%,11.22
portable sluice boxes for gold,0,32,0%,11.22
prospecting tools for sale,0,32,0%,11.5
gold panning pans for sale,0,32,0%,14.22
gold sluice pan,0,32,0%,15.22
magnetic mining pick,0,32,0%,18.41
gold prospector tools,0,32,0%,20.91
asr tool,0,32,0%,26.72
outdoor survival tools & accessories,0,32,0%,46.44
where to pan for gold,0,32,0%,47.94
heavy duty stackable plastic sifting screens,0,31,0%,1
kids 8x high-res optics compact binoculars outdoor travel gift with lanyard,0,31,0%,1
sifting material,0,31,0%,5.9
bellingham hikes with views,0,31,0%,6.42
zip light,0,31,0%,7.71
what to bring rockhounding,0,31,0%,8.77
gold mining set,0,31,0%,8.94
creek sluice box,0,31,0%,9.84
small portable sluice box,0,31,0%,11
best gold panning kit for beginners small scale prospecting,0,31,0%,11.55
ice pick outdoor,0,31,0%,11.74
gold hunting tools,0,31,0%,13.61
pan for gold kit,0,31,0%,15.19
individual classifier mesh insert,0,31,0%,19.45
creating a survival kit,0,31,0%,20.19
exploration equipment,0,31,0%,26.87
collapsible camping lantern,0,31,0%,34.29
asr outdoor water resistant collapsible backpack,0,30,0%,1
how to pan for gold without a pan,0,30,0%,2.9
classifier sieve,0,30,0%,5.67
rocks to look for,0,30,0%,8.97
gold prospecting kit for sale,0,30,0%,9.9
prospecting kits,0,30,0%,11.53
sluice box portable,0,30,0%,12.53
prospecting backpack,0,30,0%,12.57
sleuth box,0,30,0%,12.7
sifting pans,0,30,0%,13.53
hiking trails bellingham,0,30,0%,14.17
sieve for gold,0,30,0%,17.6
fine gold recovery systems,0,30,0%,24.2
citronella bands,0,30,0%,25.83
metal detecting supplies,0,30,0%,29.37
"asr outdoor gold pan gold prospecting - kit para principiantes, frasco, 
botella de sorteo, 5 piezas, azul",0,29,0%,1
axe with hook,0,29,0%,1.9
gold panning wa,0,29,0%,6.66
panning for gold equipment,0,29,0%,7.07
buy prospecting equipment for remote areas,0,29,0%,8.69
washington gold mines,0,29,0%,10.76
geology equipment for men,0,29,0%,10.83
gold mining sluice box,0,29,0%,11.38
gold panning kit near me,0,29,0%,12.52
prospectors tools,0,29,0%,20.38
buck hatchet,0,29,0%,44.59
site:asroutdoor.com,0,29,0%,69.28
asr outdoor marshmallow toaster telescoping bbq fork,0,28,0%,1
hiking lock,0,28,0%,1
best portable gold mining tools 2025 2026,0,28,0%,3.46
rock carrying bag,0,28,0%,3.54
best gold classifier,0,28,0%,4.89
howtofindrocks.com,0,28,0%,6.68
prospecting classifiers,0,28,0%,7.21
pan for gold with bobby bo,0,28,0%,8.82
where to pan for gold near me,0,28,0%,9.11
gold deposits washington state,0,28,0%,9.57
gold.panning kit,0,28,0%,9.86
sleuce box,0,28,0%,9.86
sifting pans for gold,0,28,0%,10.14
sluice box matting for sale,0,28,0%,11.04
miners supplies,0,28,0%,17.61
gemstone mining tools,0,28,0%,18
buy gold panning equipment,0,28,0%,21.64
rock picks,0,28,0%,36.07
axe hook,0,27,0%,2.44
rockhounding tips for beginners how to find rocks and minerals,0,27,0%,4.63
gold magnetic separator,0,27,0%,7.07
kit mining,0,27,0%,9.33
gold mining pick,0,27,0%,10.48
rock hunting beaches near me,0,27,0%,11.44
gold finding kit,0,27,0%,11.89
hikes near bellingham wa,0,27,0%,11.89
heat reflective mat,0,27,0%,12.67
portable sluice box for sale,0,27,0%,13.19
gold mining tools for sale,0,27,0%,15.78
geology gear,0,27,0%,17.26
panning gold kit,0,27,0%,19
gold mine equipment,0,27,0%,35.41
how to find gold,0,26,0%,2.08
hammer for mining,0,26,0%,4
rocks 101,0,26,0%,6.73
geology equipment for toddlers,0,26,0%,7.54
paleontology equipment for outdoor enthusiasts,0,26,0%,7.88
oyster dome parking,0,26,0%,9.69
how long is oyster dome hike,0,26,0%,9.81
gold mines washington state,0,26,0%,11.92
hiking near bellingham,0,26,0%,14
sluice mats,0,26,0%,16
gold sluice for sale,0,26,0%,18.12
gold mining equipment for beginners,0,26,0%,22
rugged everyday carry gear,0,26,0%,23.19
metal detecting gear,0,26,0%,23.96
asr customer service,0,26,0%,30.69
asr outdoor 3pc gold rush sifting classifier sieve mini 6 inch prospect pan,0,25,0%,1
full magnesium body fire starter survival tool striker,0,25,0%,1
gold panning scotland,0,25,0%,1
curved blade knife,0,25,0%,1.88
rockhounding near me,0,25,0%,6.08
geology equipment for parents,0,25,0%,6.96
panning for gold for kids,0,25,0%,8
portable gold,0,25,0%,8.08
folding aluminum sluice box,0,25,0%,8.52
fine gold separator,0,25,0%,8.76
geology equipment for vegetarians,0,25,0%,9.6
gold mine washington state,0,25,0%,9.6
gold prospecting sluice box,0,25,0%,10.52
slush boxes,0,25,0%,11.96
sluice box for gold mining,0,25,0%,12.52
bobby bo,0,25,0%,13.04
small sluice,0,25,0%,13.44
edc ice pick,0,25,0%,15.28
mini gold sluice,0,25,0%,16.28
tools for metal detecting,0,25,0%,40.28
pay dirt,0,24,0%,1
havasupai confluence hike,0,24,0%,1.58
rockhounding kits,0,24,0%,3.17
gold dredging laws and regulations washington state,0,24,0%,4.79
orange plastic stakes,0,24,0%,7.17
folding sluice,0,24,0%,7.71
gold pan and sluice,0,24,0%,8.21
bucket silicone 10l,0,24,0%,8.88
mining tools,0,24,0%,8.96
fishing hook sharpening stone with hole,0,24,0%,11.29
best gold panning kit for starting out in ohio,0,24,0%,11.54
best tools for rockhounding,0,24,0%,11.58
mini gold sluice box,0,24,0%,15.21
gold pan for sale,0,24,0%,16.04
river gold mining equipment,0,24,0%,23.17
gold detecting equipment,0,24,0%,23.88
homemade survival kit,0,24,0%,24.04
detecting equipment,0,24,0%,27.25
plastic tent stakes,0,24,0%,32
how to build a wilderness survival kit,0,23,0%,4.65
recurved blade,0,23,0%,5.78
high visibility ribbon,0,23,0%,6.26
rock hounding for beginners,0,23,0%,7.35
gold pan sluice,0,23,0%,9.57
asr salt products wisconsin,0,23,0%,11.09
sluice kit,0,23,0%,11.09
best sluice box for beginners,0,23,0%,12.39
wa gold,0,23,0%,15.43
plastic flagging,0,23,0%,15.52
sluice box mats,0,23,0%,15.7
trending edc for campers,0,23,0%,15.83
rock collecting equipment,0,23,0%,16.48
gold mining pans for sale,0,23,0%,17.3
rock collecting,0,23,0%,19.04
gold recovery tool,0,23,0%,19.17
bellingham wa hikes,0,23,0%,19.26
rock mining equipment,0,23,0%,19.83
gold supplies,0,23,0%,20.04
black sand magnetic separator,0,23,0%,20.48
portable mining equipment,0,23,0%,20.48
pay dirt gold panning,0,23,0%,21.35
professional gold mining equipment,0,23,0%,27.09
outdoor survival gear,0,23,0%,42.87
asr outdoor gold prospectors pick axe,0,22,0%,1
mini portable 3 riffle rubber sluice box,0,22,0%,1
kids panning for gold,0,22,0%,8.23
small sluice box for gold,0,22,0%,8.86
classifier for gold,0,22,0%,9.05
gold mining bucket,0,22,0%,11.18
rock hunting,0,22,0%,11.32
best beginner gold panning kit,0,22,0%,11.73
garden trowel serrated edge,0,22,0%,12.68
gold sluice boxes for sale,0,22,0%,12.86
tactical ice pick,0,22,0%,15.14
sluse box,0,22,0%,16.5
wildlife collection knives,0,22,0%,17.32
oyster dome trailhead,0,22,0%,23.45
thermal camping mat,0,22,0%,28.32
geology tool,0,22,0%,28.45
city of gold bar washington,0,22,0%,86.45
3 inch locking aluminum carabiner clip edc camping hiking gear,0,21,0%,1
how to pan for gold for beginners,0,21,0%,1.33
create a beginner's guide to successful gemstone prospecting,0,21,0%,2.38
where to find gold,0,21,0%,5.48
rockhounding beginner guide,0,21,0%,6.71
riffle mat,0,21,0%,8
how long does it take to hike oyster dome,0,21,0%,9
metal classifier,0,21,0%,9.62
sluce boxes,0,21,0%,10.81
gold panning kits near me,0,21,0%,11
best places to buy prospecting equipment for remote areas gold mining tools,0,21,0%,11.57
slush boxes for gold,0,21,0%,12.1
gold mines in washington,0,21,0%,13.1
sifting screens,0,21,0%,14.14
gold mining sluice,0,21,0%,14.43
oyster dome hike bellingham,0,21,0%,15
reflective camping mat,0,21,0%,15
citronella bracelets,0,21,0%,16.29
geological tools,0,21,0%,19.24
citronella wrist bands,0,21,0%,19.33
does survival kit come with instructions on what to do?,0,21,0%,21.71
places to gold pan near me,0,21,0%,21.81
flagging ribbon,0,21,0%,24.71
hammer pick,0,21,0%,29.62
mini lustrous protective water resistant stationary,0,21,0%,29.62
gold refining kit,0,21,0%,47.19
citronella wristband,0,21,0%,48.29
survival tools market,0,21,0%,70.81
"4pc premium quality aluminum eye loupe set for rock hounding geology gold 
prospecting",0,20,0%,1
gold panning sacramento,0,20,0%,1
best fire starter tools for emergencies,0,20,0%,1.1
which of these is an important part of a basic survival kit,0,20,0%,3.4
best places to go rockhounding near me,0,20,0%,3.7
rock bag,0,20,0%,6